,Date,AL,AL1M,BA,BA1M,DE,DE1M,EU,EU1M,GR,GR1M,HR,HR1M,RS,RS1M,RU,RU1M,SI,SI1M,TR,TR1M,UA,UA1M,US,US1M,VIX,TED
1,Jan-90,NA,NA,NA,NA,1.6918,11.09,NA,NA,158.025,25.4,NA,47.5,NA,NA,NA,NA,NA,NA,0.00233086,47.5,NA,NA,1,10.11,25.360001,0.71
2,Feb-90,NA,NA,NA,NA,1.676,11.24,NA,NA,157.921,25.3,NA,46.73,NA,NA,NA,NA,NA,NA,0.00237997,46.73,NA,NA,1,10,21.99,0.63
3,Mar-90,NA,NA,NA,NA,1.7045,11.52,NA,NA,162.471,25.3,NA,46.67,NA,NA,NA,NA,NA,NA,0.00245519,46.67,NA,NA,1,10,19.73,0.59
4,Apr-90,NA,NA,NA,NA,1.6882,11.55,NA,NA,163.906,26.21,NA,46.71,NA,NA,NA,NA,NA,NA,0.00250229,46.71,NA,NA,1,10,19.52,0.8
5,May-90,NA,NA,NA,NA,1.6617,11.58,NA,NA,163.523,26.5,NA,46.85,NA,NA,NA,NA,NA,NA,0.00255006,46.85,NA,NA,1,10,17.370001,0.74
6,Jun-90,NA,NA,NA,NA,1.684,11.6,NA,NA,164.839,27.7,NA,46.89,NA,NA,NA,NA,NA,NA,0.00262907,46.89,NA,NA,1,10,15.5,0.63
7,Jul-90,NA,NA,NA,NA,1.6399,11.58,NA,NA,160.631,27.7,NA,46.96,NA,NA,NA,NA,NA,NA,0.00266485,46.96,NA,NA,1,10,21.110001,0.6
8,Aug-90,NA,NA,NA,NA,1.5707,11.65,NA,NA,154.879,29.4,NA,47.01,NA,NA,NA,NA,NA,NA,0.00268002,47.01,NA,NA,1,10,29.9,0.65
9,Sep-90,NA,NA,NA,NA,1.5697,11.69,NA,NA,155.087,29.45,NA,47.11,NA,NA,NA,NA,NA,NA,0.00271851,47.11,NA,NA,1,10,29.110001,0.84
10,Oct-90,NA,NA,NA,NA,1.5233,11.73,NA,NA,153.066,29.45,NA,47.76,NA,NA,NA,NA,NA,NA,0.0027424,47.76,NA,NA,1,10,30.040001,1
11,Nov-90,NA,NA,NA,NA,1.487,11.91,NA,NA,152.261,29.5,NA,48.96,NA,NA,NA,NA,NA,NA,0.00277655,48.96,NA,NA,1,10,22.16,1.11
12,Dec-90,NA,1,NA,NA,1.492,11.97,NA,NA,155.558,29.5,NA,50.65,NA,NA,NA,NA,NA,NA,0.00287393,50.65,NA,NA,1,10,26.379999,1.17
13,Jan-91,NA,NA,NA,NA,1.51,11.85,NA,NA,159.868,29.4,NA,51.92,NA,NA,NA,NA,NA,NA,0.00299071,51.92,NA,NA,1,9.52,20.91,1.12
14,Feb-91,NA,NA,NA,NA,1.4799,12.18,NA,NA,158.511,29.5,NA,53.36,NA,NA,NA,NA,NA,NA,0.00313457,53.36,NA,NA,1,9.05,21.23,0.78
15,Mar-91,NA,NA,NA,NA,1.6022,12.22,NA,NA,172.749,29.5,NA,59.31,NA,NA,NA,NA,NA,NA,0.0035305,59.31,NA,NA,1,9,16.879999,0.67
16,Apr-91,NA,NA,NA,NA,1.7031,12.26,NA,NA,184.772,29.6,NA,60.81,NA,NA,NA,NA,NA,NA,0.0037983,60.81,NA,NA,1,9,18.24,0.58
17,May-91,NA,NA,NA,NA,1.717,12.24,NA,NA,187.843,29.6,NA,61.96,NA,NA,NA,NA,NA,NA,0.00398082,61.96,NA,NA,1,8.5,15.93,0.6
18,Jun-91,NA,NA,NA,NA,1.7843,12.26,NA,NA,194.957,29.5,NA,61.4,NA,NA,NA,NA,NA,NA,0.00423126,61.4,NA,NA,1,8.5,19.549999,0.64
19,Jul-91,NA,NA,NA,NA,1.7887,12.27,NA,NA,195.739,29.5,NA,62.1,NA,NA,NA,NA,NA,NA,0.00437752,62.1,NA,NA,1,8.5,15.18,0.56
20,Aug-91,NA,NA,NA,NA,1.7452,12.47,NA,NA,192.62,29.5,NA,63.79,NA,NA,NA,NA,NA,NA,0.00451229,63.79,NA,NA,1,8.5,14.46,0.44
21,Sep-91,NA,NA,NA,NA,1.6981,12.92,NA,NA,188.37,29.5,NA,68.5,NA,NA,NA,NA,NA,NA,0.00465204,68.5,NA,NA,1,8.2,15.85,0.4
22,Oct-91,NA,NA,NA,NA,1.6915,12.95,NA,NA,188.271,29.4,NA,69.62,NA,NA,NA,NA,NA,NA,0.00484805,69.62,NA,NA,1,8,15.48,0.48
23,Nov-91,NA,NA,NA,NA,1.625,12.98,NA,NA,183.84,29.2,NA,69.79,NA,NA,NA,NA,53.3942,NA,0.00495134,69.79,NA,NA,1,7.58,20.26,0.52
24,Dec-91,NA,1,NA,NA,1.5695,12.95,NA,NA,179.657,29.2,NA,69.6,NA,NA,NA,NA,57.7316,824.56,0.00505439,69.6,NA,NA,1,7.21,19.309999,0.52
25,Jan-92,50,8,NA,NA,1.5774,13.35,NA,NA,182.325,29,0.086494,68.67,NA,NA,NA,NA,58.8696,564.06,0.00531291,68.67,NA,NA,1,6.5,17.4,0.38
26,Feb-92,50,8,NA,NA,1.6197,13.39,NA,NA,187.056,28.8,0.089024,68.05,NA,NA,NA,NA,74.4996,319.86,0.00566585,68.05,NA,NA,1,6.5,16.68,0.33
27,Mar-92,50,8,NA,NA,1.6611,13.38,NA,NA,192.155,28.8,0.107733,67.98,NA,NA,NA,NA,82.2383,328.03,0.00609835,67.98,NA,NA,1,6.5,16.18,0.35
28,Apr-92,50,8,NA,NA,1.6483,13.4,NA,NA,192.808,28.8,0.127498,69.23,NA,NA,NA,NA,83.7294,365.44,0.00642051,69.23,NA,NA,1,6.5,15.53,0.42
29,May-92,50,8,NA,NA,1.6206,13.43,NA,NA,192.004,28.7,0.165824,69.43,NA,NA,NA,NA,83.4898,122.53,0.0067137,69.43,NA,NA,1,6.5,13.86,0.33
30,Jun-92,50,8,NA,NA,1.574,13.44,NA,NA,190.884,28.7,0.200984,69.69,NA,NA,0.138,NA,80.667,167.05,0.00688537,69.69,NA,NA,1,6.5,13.35,0.34
31,Jul-92,112.6,39,NA,NA,1.4909,13.55,NA,NA,181.848,28.5,0.225975,69.4,NA,NA,0.168,NA,76.0238,142.79,0.00694614,69.4,NA,NA,1,6.02,13.17,0.31
32,Aug-92,100.81,32,NA,NA,1.451,14.08,NA,NA,179.346,28.5,0.258165,68.42,NA,NA,0.217,NA,77.8032,56.86,0.00709491,68.42,NA,NA,1,6,13.58,0.33
33,Sep-92,94.74,32,NA,NA,1.4477,14.05,NA,NA,182.014,28.6,0.303722,68.11,NA,NA,0.344,NA,82.0542,46.59,0.00728158,68.11,NA,NA,1,6,14.28,0.38
34,Oct-92,96.17,32,NA,NA,1.4816,13.72,NA,NA,191.68,28.6,0.383422,68.02,NA,NA,0.424,NA,85.5644,69.77,0.00757811,68.02,NA,NA,1,6,16.15,0.58
35,Nov-92,97.19,32,NA,NA,1.5877,13.68,NA,NA,206.18,28.8,0.529025,68.79,NA,NA,0.415,NA,94.3542,86.75,0.00811817,68.79,NA,NA,1,6,13.01,0.67
36,Dec-92,98.88,32,NA,NA,1.5798,13.66,NA,NA,209.191,28.7,0.681713,69.05,NA,NA,0.462,NA,96.1504,71.6,0.00835348,69.05,0.00631,75.7,1,6,12.57,0.42
37,Jan-93,105.25,32,NA,NA,1.6158,13.65,NA,NA,215.822,28.8,0.870306,69.06,NA,NA,0.568,NA,99.119,41.75,0.00870774,69.06,0.00728,76.6,1,6,12.42,0.35
38,Feb-93,106.58,32,NA,NA,1.6416,13.47,NA,NA,220.395,28.9,1.064959,66.44,NA,NA,0.659,NA,101.2868,100.09,0.00905664,66.44,0.00973,88.2,1,6,13.16,0.31
39,Mar-93,106.29,32,NA,NA,1.6474,13.35,NA,NA,223.451,28.9,1.367153,63.66,NA,NA,0.756,NA,103.8113,49.76,0.00939053,63.66,0.01729,87.1,1,6,12.53,0.29
40,Apr-93,105.48,32,NA,NA,1.596,13.22,NA,NA,217.421,28.7,1.676301,63.79,NA,NA,0.893,NA,104.2541,41.4,0.0095558,63.79,0.03002,110.5,1,6,12.42,0.36
41,May-93,103.61,32,NA,NA,1.60605,13.03,NA,NA,217.9,28.7,2.140283,63.99,NA,NA,1.08,NA,108.5463,34.24,0.00996524,63.99,0.02999,144.3,1,6,13.47,0.28
42,Jun-93,104.46,25,NA,NA,1.6522,13.01,NA,NA,225.027,28.7,2.756372,63.97,NA,NA,1.03,NA,114.2431,41.51,0.01047798,63.97,0.03658,231.8,1,6,11.26,0.27
43,Jul-93,104.51,25,NA,NA,1.7147,12.89,NA,NA,234.646,28.3,3.522089,63.98,NA,NA,0.986,NA,120.1222,41.72,0.01118516,63.98,0.04589,223.3,1,6,11.73,0.26
44,Aug-93,100.1,25,NA,NA,1.6957,12.69,NA,NA,237.725,28.3,4.292188,64,NA,NA,1.065,NA,119.1228,30.73,0.01164414,64,0.0597,204.4,1,6,11.85,0.24
45,Sep-93,97.43,30,NA,NA,1.62264,12.51,NA,NA,232.42889,28.3,5.287146,63.99,NA,NA,1.186,NA,115.0601,46.16,0.01187009,63.99,0.0597,224.2,1,6,12.99,0.27
46,Oct-93,96.7,30,NA,NA,1.63802,12.32,NA,NA,237.207,28.4,7.053911,63.98,NA,NA,1.191,NA,118.2042,45.18,0.01253239,63.98,0.0597,246.3,1,6,11.46,0.37
47,Nov-93,96.44,30,NA,NA,1.7,12.09,NA,NA,243.64044,28.3,6.483832,64.02,NA,NA,1.239,NA,125.7651,68.12,0.0133894,64.02,0.06194,279.2,1,6,13.76,0.38
48,Dec-93,97.9,30,NA,NA,1.70974,11.97,NA,NA,245.33479,28.4,6.435247,64.01,NA,NA,1.247,NA,129.3676,42.64,0.01404043,64.01,0.12608,295.1,1,6,11.66,0.32
49,Jan-94,99.11,26,NA,NA,1.74312,11.94,NA,NA,250.28276,26.7,6.600866,67.71,NA,NA,NA,NA,133.8611,40.52,0.0144252,67.71,0.1261,310.2,1,6,10.63,0.3
50,Feb-94,100.97,26,NA,NA,1.73722,11.91,NA,NA,250.72925,26.8,6.461714,85.41,NA,NA,NA,NA,134.66,42.93,0.01775202,85.41,0.1261,384.7,1,6,14.87,0.3
51,Mar-94,101.21,26,NA,NA,1.69233,11.81,NA,NA,246.95547,27,6.172252,87.05,NA,NA,NA,NA,132.4118,36.64,0.02060505,87.05,0.1261,389.8,1,6.06,20.450001,0.38
52,Apr-94,100.95,26,NA,NA,1.69824,11.76,NA,NA,249.14201,26.8,6.234779,131.39999,NA,NA,NA,NA,133.715,33.5,0.03180865,131.39999,0.1261,328,1,6.45,13.77,0.44
53,May-94,99.7,26,NA,NA,1.6578,11.55,NA,NA,245.441,28.7,6.161657,131.8,NA,NA,NA,NA,131.5431,49.57,0.03366324,131.8,0.13437,303.1,1,6.99,13.03,0.5
54,Jun-94,96.87,26,NA,NA,1.6291,11.27,NA,NA,245.253,29.3,6.07139,121.68,NA,NA,NA,NA,129.9219,31.56,0.03175698,121.68,0.1662,254.7,1,7.25,14.97,0.5
55,Jul-94,91.39,26,NA,NA,1.57086,11.26,NA,NA,237.28499,28.2,5.813981,79.28,NA,NA,NA,NA,125.2679,40.5,0.03103065,79.28,0.195,192.5,1,7.25,11.13,0.52
56,Aug-94,87.39,22,NA,NA,1.5646,11.25,NA,NA,237.00024,27.8,5.783077,67.54,NA,NA,NA,NA,124.7576,32.62,0.03171179,67.54,0.2025,151.3,1,7.51,11.97,0.44
57,Sep-94,84.87,20,NA,NA,1.55089,11.25,NA,NA,236.10205,27.4,5.73285,67.29,NA,NA,NA,NA,124.3869,33.1,0.03392861,67.29,0.25,141.6,1,7.75,14.28,0.51
58,Oct-94,86.93,20,NA,NA,1.5184,11.24,NA,NA,233.08972,27.2,5.604252,62.52,NA,NA,NA,NA,122.5802,38.85,0.03486964,62.52,0.4532,141.4,1,7.75,14.56,0.68
59,Nov-94,91.19,20,NA,NA,1.53869,11.22,NA,NA,237.11046,27,5.614048,74.5,NA,NA,NA,NA,124.5197,48.09,0.03630817,74.5,0.94083,201.4,1,8.15,15.95,0.59
60,Dec-94,94.9,20,NA,NA,1.57228,11.25,NA,NA,242.84286,26.4,5.725271,77.31,NA,NA,NA,NA,128.0775,38.53,0.03744411,77.31,1.08367,204.7,1,8.5,13.2,0.79
61,Jan-95,94.9,20,NA,NA,1.5324,11.27,NA,NA,238.204,25.6,5.565286,86.98,NA,NA,NA,386.3,125.3941,31.88,0.04015037,86.98,1.08155,205.3,1,8.5,11.96,0.64
62,Feb-95,93.68,20,NA,NA,1.5018,11.24,NA,NA,235.91353,25.6,5.46032,87.43,NA,NA,NA,449.4,123.12,33.45,0.04107996,87.43,1.21157,198.8,1,9,11.75,0.49
63,Mar-95,91.77,20,NA,NA,1.40656,11.25,NA,NA,228.75433,25.3,5.110848,78.68,NA,NA,NA,422.1,115.3551,28.04,0.0419194,78.68,1.32648,182.6,1,9,13.37,0.54
64,Apr-95,92.89,20,NA,NA,1.38059,11.1,NA,NA,224.91888,23.9,5.005747,73.72,NA,NA,NA,416.7,112.7375,21.25,0.04230643,73.72,1.31403,136.1,1,9,11.75,0.58
65,May-95,92.43,20,NA,NA,1.40766,11.03,NA,NA,228.27,23.5,5.066538,73.07,NA,NA,NA,404.1,114.7272,14.16,0.0429536,73.07,1.30481,117,1,9,12.85,0.46
66,Jun-95,91.99,18,NA,NA,1.40032,11,NA,NA,226.20549,23.1,5.048395,73.13,NA,NA,4.751,316.1,113.9983,18.03,0.04320408,73.13,1.4215,86.1,1,9,11.38,0.53
67,Jul-95,90.35,18,NA,NA,1.38936,10.99,NA,NA,225.45525,21.9,5.010752,69.11,NA,NA,4.529,283.2,113.0555,19.11,0.04447508,69.11,1.43674,78.8,1,8.8,13.49,0.47
68,Aug-95,91.48,18,NA,NA,1.44511,10.97,NA,NA,232.04161,21.8,5.223291,68.83,NA,NA,4.415,253.4,117.5655,20.34,0.04679631,68.83,1.60897,73.6,1,8.75,11.52,0.5
69,Sep-95,94.39,18,NA,NA,1.46227,10.68,NA,NA,235.89998,21.7,5.404967,69.11,NA,NA,4.46857,216.7,120.5053,19.68,0.04778686,69.11,1.6534,78.5,1,8.75,12.74,0.59
70,Oct-95,92.18,19.9,NA,NA,1.4143,10.66,NA,NA,232.56342,21.6,5.261732,69.42,NA,NA,4.50218,233.3,118.9103,22.3,0.05007156,69.42,1.74403,93.4,1,8.75,13.83,0.66
71,Nov-95,92.16,22.9,NA,NA,1.41648,10.62,NA,NA,233.79634,21.5,5.264629,78.21,NA,NA,4.537,237.5,121.2683,24.1,0.0524772,78.21,1.77885,116.4,1,8.75,11.58,0.53
72,Dec-95,94.15,21,NA,NA,1.44074,10.52,NA,NA,237.93,21.1,5.346568,83.92,NA,NA,4.61605,224.9,125.5845,27.97,0.05691988,83.92,1.79497,105.8,1,8.65,12.52,0.61
73,Jan-96,95.35,19.6,NA,NA,1.46165,10.39,NA,NA,240.496,21.4,5.404109,85.48,NA,NA,4.682,203.6,129.5255,23.11,0.06050208,85.48,1.828,110.5,1,8.5,12.53,0.55
74,Feb-96,98.33,20.2,NA,NA,1.4661,10.29,NA,NA,242.40726,21.2,5.429881,84.83,NA,NA,4.757,183.8,131.8662,25.34,0.06421813,84.83,1.8810345,110.9,1,8.25,17.040001,0.45
75,Mar-96,99.03,20.7,NA,NA,1.4777,10.28,NA,NA,241.58125,21.2,5.458129,82.71,NA,NA,4.834,176.1,133.61,25.76,0.06847624,82.71,1.8915161,102.5,1,8.25,18.879999,0.43
76,Apr-96,102.7,21,NA,NA,1.50608,10.25,NA,NA,241.79927,21.2,5.541214,79.74,NA,NA,4.9,177.3,135.91,26.07,0.0729758,79.74,1.8726667,91.2,1,8.25,15.83,0.55
77,May-96,111.347,22.7,NA,NA,1.53336,10.11,NA,NA,243.199,21.2,5.571186,79.44,NA,NA,4.978,174.2,138.24,27.01,0.07671518,79.44,1.8419,85.7,1,8.25,16.07,0.48
78,Jun-96,110.01,24.8,NA,NA,1.52737,10.08,NA,NA,241.527,21.2,5.4867,79.11,NA,NA,5.053,177.6,137.36,26.01,0.0798049,79.11,1.8197667,73.4,1,8.25,13.68,0.48
79,Jul-96,111.25,24.5,NA,NA,1.50496,10.04,NA,NA,237.74739,21.2,5.367978,79.62,NA,NA,5.147,151,134.86,23.99,0.08278345,79.62,1.7808387,66.2,1,8.25,19.459999,0.5
80,Aug-96,108.84,27,NA,NA,1.4828,10.06,NA,NA,236.834,21.1,5.25389,79.69,NA,NA,5.28,125.2,132.12,21.18,0.08506461,79.69,1.76,63.6,1,8.25,17.01,0.48
81,Sep-96,108.42,26.1,NA,NA,1.50583,10.05,NA,NA,239.37621,20.6,5.346405,79.63,NA,NA,5.37,152.3,134.38,18.64,0.08891147,79.63,1.76,63.2,1,8.25,16.950001,0.53
82,Oct-96,106.9,25.9,NA,NA,1.52826,10.01,NA,NA,239.91592,20.5,5.446352,79.45,NA,NA,5.431,90.6,137.91,17.07,0.09394171,79.45,1.7748,63.7,1,8.25,18.110001,0.56
83,Nov-96,99.78,26.2,NA,NA,1.51169,9.35,NA,NA,238.32571,20.5,5.3829,79.64,NA,NA,5.482,83.1,137.44,18.74,0.0987085,79.64,1.8592,66.3,1,8.25,17.139999,0.47
84,Dec-96,102.03,28.8,NA,NA,1.55149,9.3,NA,NA,245.3295,20.2,5.52119,79.68,NA,NA,5.536,66.9,141.15,18.27,0.10475663,79.68,1.8839,61.4,1,8.25,20.92,0.64
85,Jan-97,110.94,24,1.6043,NA,1.6043,9.26,1.6043,NA,251.54901,19.9,5.703819,77.16,NA,NA,5.601,44.2,145.66,18.04,0.112019,77.16,1.8914,63.6,1,8.25,19.469999,0.53
86,Feb-97,129.1,24.1,1.67467,NA,1.67467,9.17,1.67467,NA,262.453,19.6,5.960005,76.62,NA,NA,5.654,46.1,152.19,20.24,0.11908,76.62,1.8436,62.6,1,8.25,21.1,0.51
87,Mar-97,143.46,28.4,1.69686,NA,1.69686,9.16,1.69686,NA,266.86157,19.3,6.06137,76.54,NA,NA,5.704,41.6,154.75,20.66,0.124991,76.54,1.8371,53.15,1,8.3,22.139999,0.48
88,Apr-97,147.05,37,1.71096,NA,1.71096,9.17,1.71096,NA,270.15097,19,6.106036,76.63,NA,NA,5.747,32.5,155.93,18.88,0.131379,76.63,1.8479,52.35,1,8.5,20.059999,0.67
89,May-97,159.97,31,1.70325,NA,1.70325,9.12,1.70325,NA,271.47903,18.7,6.089535,76.84,NA,NA,5.77,34,155.24,19.54,0.137257,76.84,1.8428,53.69,1,8.5,19.190001,0.77
90,Jun-97,179.07,31,1.72731,NA,1.72731,9.13,1.72731,NA,273.679,18.3,6.154238,77.41,NA,NA,5.78,28.6,156.74,19.82,0.144418,77.41,1.8578,50.27,1,8.5,21.530001,0.91
91,Jul-97,171.59,31,1.79193,NA,1.79193,9.06,1.79193,NA,280.9761,18.2,6.376261,79.23,NA,NA,5.787,28.8,162.64,19.45,0.153523,79.23,1.857,47,1,8.5,21.48,0.69
92,Aug-97,158.35,31,1.8424,NA,1.8424,9.06,1.8424,NA,288.88998,18.2,6.557311,82.6,NA,NA,5.811,28.3,169.48,20.76,0.163535,82.6,1.856,42.22,1,8.5,24.76,0.59
93,Sep-97,148.625,26,1.79056,NA,1.79056,9.12,1.79056,NA,282.1759,18.4,6.351645,82.18,NA,NA,5.846,24.8,166.81,21.1,0.170471,82.18,1.8606,41.6,1,8.5,22.91,0.77
94,Oct-97,147.16,43,1.75667,NA,1.75667,9.12,1.75667,NA,276.87045,18.2,6.215778,82.57,NA,NA,5.875,24,165.59,20.58,0.178293,82.57,1.8713,38.21,1,8.5,35.09,0.79
95,Nov-97,142.88,43,1.7331,NA,1.7331,9.13,1.7331,NA,271.994,20.1,6.09715,82.92,NA,NA,5.902,23,163.58,20.88,0.187477,82.92,1.8794,41.97,1,8.5,27.43,0.7
96,Dec-97,149,NA,1.77666,NA,1.77666,9.05,1.77666,NA,279.61523,19.1,6.253843,83.2,5.9123,77.97,5.941,28.6,167.65,20.34,0.199937,83.2,1.895,42.74,1,8.5,24.01,0.75
97,Jan-98,152.28,NA,1.81668,NA,1.81668,9.05,1.81668,NA,286.992,19.5,6.37524,82.49,NA,NA,5.9951,29.8,171.3,20.1,0.211844,82.49,1.9091,43.81,1,8.5,21.469999,0.62
98,Feb-98,156.48,NA,1.81415,NA,1.81415,9.11,1.81415,NA,286.80698,19.8,6.386785,82.79,NA,NA,6.0497,30.4,171.31,20,0.223632,82.79,1.9566,48.69,1,8.5,18.549999,0.55
99,Mar-98,159.38,NA,1.82669,NA,1.82669,9.06,1.82669,NA,306.3645,19.3,6.435205,82.73,NA,NA,6.0896,38.3,172.26,18.24,0.235817,82.73,2.034,48.85,1,8.5,24.219999,0.66
100,Apr-98,159.29,NA,1.81471,NA,1.81471,9.08,1.81471,NA,316.853,18.7,6.464357,81.88,NA,NA,6.1238,38.8,170.79,19.77,0.245161,81.88,2.0399,47.69,1,8.5,21.18,0.75
101,May-98,156.42,NA,1.77458,NA,1.77458,9.05,1.77458,NA,306.931,18.5,6.390715,81.19,NA,NA,6.1485,40.4,165.98,17.64,0.252332,81.19,2.0495,47.09,1,8.5,21.32,0.69
102,Jun-98,153.37,NA,1.79172,NA,1.79172,9,1.79172,NA,304.13333,18.6,6.503371,77.6,NA,NA,6.1797,48,167.53,16.41,0.261123,77.6,2.0589,47.97,1,8.5,19.709999,0.72
103,Jul-98,150.17,NA,1.7979,NA,1.7979,9.02,1.7979,NA,299.42911,18.3,6.53787,71.29,NA,NA,6.2163,44.9,169.12,15.72,0.268393,71.29,2.1026,53.04,1,8.5,24.799999,0.73
104,Aug-98,148.51,NA,1.788611,NA,1.7886112,9,1.788611,NA,300.9938,18.2,6.443245,73,NA,NA,6.7495,48.6,168.72,14,0.274022,73,2.1832,57.36,1,8.5,44.279999,0.78
105,Sep-98,147.99,NA,1.70295,94.085,1.70295,8.99,1.70295,94.085,293.0491,18.2,6.222095,81.68,NA,NA,14.5257,46.8,161.06,13.95,0.275141,81.68,2.785,63.83,1,8.49,40.950001,0.89
106,Oct-98,142.47,NA,1.6378,89.44,1.6378,8.98,1.6378,89.44,281.73764,18,6.089041,82.24,NA,NA,15.9227,49,155.01,12.4,0.279013,82.24,3.4216,71.52,1,8.12,28.049999,1.31
107,Nov-98,141.13,NA,1.6816,73.5,1.6816,8.95,1.6816,73.5,282.69427,18,6.26549,81.8,NA,NA,16.47,44.8,160.16,12.53,0.294985,81.8,3.4271,63.72,1,7.89,26.01,0.91
108,Dec-98,140.11,NA,1.66862,73.5,1.66862,8.89,1.66862,73.5,280.36453,17.6,6.246014,82.6,10.0308,60.86093434,19.9904,41.7,160.37,12.26,0.307228,82.6,3.427,60.39,1,7.75,24.42,0.84
109,Jan-99,139.93,16.19,1.6849274,82.245,NA,8.87,1.6849274,82.245,278.776,15.6,6.317699,83.6,NA,NA,22.2876,45.5,162.5,11.89,0.32191,83.6,3.427,55.3,1,7.75,26.25,0.67
110,Feb-99,140.48,14.26,1.745333522,73.5,NA,8.89,1.745333522,73.5,286.855,14.7,6.659946,82.2,NA,NA,22.9021,44.1,168.64,12.49,0.342564,82.2,3.4709,58.36,1,7.75,27.879999,0.56
111,Mar-99,142.33,17.92,1.797245495,73.5,NA,8.86,1.797245495,73.5,296.17957,14.8,6.971799,81.1,NA,NA,23.4788,45.7,174.45,11.56,0.361922,81.1,3.7728,68.02,1,7.75,23.26,0.56
112,Apr-99,144.717,25.4,1.827245482,73.5,NA,8.84,1.827245482,73.5,304.362,14.9,7.091935,80.9,NA,NA,24.7419,43.8,178,10.48,0.380997,80.9,3.9337,66.86,1,7.75,25.07,0.71
113,May-99,141.42,25.35,1.840495331,24.91,NA,8.8,1.840495331,24.91,305.62598,14.9,7.138159,81.4,NA,NA,24.4552,43.5,180.62,10.34,0.395375,81.4,3.9235,54.55,1,7.75,25.389999,0.52
114,Jun-99,137.4,24.97,1.884729966,24.285,NA,8.71,1.884729966,24.285,312.294,15.2,7.310965,85.3,NA,NA,24.2856,32.2,186.84,10.97,0.412949,85.3,3.9496,47.43,1,7.75,21.09,0.61
115,Jul-99,135.55,24.79,1.889884282,24.285,NA,8.75,1.889884282,24.285,313.94998,15,7.350501,81.2,NA,NA,24.3048,38.9,188.96,11.07,0.426796,81.2,4.0044,46.49,1,8,24.639999,0.76
116,Aug-99,132.87,22.11,1.844699739,24.285,NA,8.75,1.844699739,24.285,307.71091,15.1,7.154423,81.3,NA,NA,24.6965,38.5,185.23,12.42,0.435876,81.3,4.4605,50.67,1,8.06,24.450001,0.73
117,Sep-99,135.36,22.11,1.86275205,24.285,NA,8.71,1.86275205,24.285,311.23,15,7.258631,76.4,NA,NA,25.4704,37.8,187.46032,14.07,0.453668,76.4,4.4559,54.26,1,8.25,25.41,0.89
118,Oct-99,132.53,22.09,1.82674522,24.285,NA,8.75,1.82674522,24.285,307.174,15,7.123007,76,NA,NA,25.7135,37,183.55,13.88,0.467932,76,4.4673,50.83,1,8.25,22.200001,1.32
119,Nov-99,134.39,22.49,1.890896444,21.285,NA,8.84,1.890896444,21.285,317.70136,15.2,7.385568,72.31,NA,NA,26.3028,38.3,190.17,14.14,0.497793,72.31,4.6306,54.71,1,8.37,24.18,1.03
120,Dec-99,135.31,21.7,1.934589686,24.285,NA,8.94,1.934589686,24.285,325.90045,14.6,7.578281,59.48,11.6615,46.06113292,26.7996,31.3,194.81,15.2,0.527613,59.48,5.0691,51.95,1,8.5,24.639999,0.93
121,Jan-00,136.624,20.15,1.929876136,30.5,NA,8.97,1.929876136,30.5,326.591,14.1,7.585283,38.1,NA,NA,28.1891,34,195.06,15.17,0.545584,38.1,5.3811,56.1851,1,8.5,24.950001,0.72
122,Feb-00,139.52,18.57,1.989000877,30.5,NA,9.02,1.989000877,30.5,338.37048,13.7,7.844532,38.71,NA,NA,28.7276,31.3,202.66,15.84,0.564525,38.71,5.5431,49.4383,1,8.73,23.370001,0.55
123,Mar-00,140.81,19.44,2.028215268,30.5,NA,9.14,2.028215268,30.5,346.17045,13.5,8.00753,39.95,NA,NA,28.4581,29.8,208.2093,15.17,0.581034,39.95,5.468,42.4855,1,8.83,24.110001,0.5
124,Apr-00,142.439,19.48,2.066060579,30.5,NA,9.26,2.066060579,30.5,353.30421,12.8,8.136334,42.51,NA,NA,28.5924,29.2,213.3238,15.48,0.59698,42.51,5.4228,41.8818,1,9,26.200001,0.65
125,May-00,147.37,22.53,2.15923632,30.5,NA,9.34,2.15923632,30.5,371.27091,12.6,8.509271,39,NA,NA,28.3108,25.5,225.2391,16.49,0.618258,39,5.4041,39.8236,1,9.24,23.65,0.96
126,Jun-00,140.75,16.07,2.06076028,30.5,NA,9.59,2.06076028,30.5,354.99333,12.5,8.071059,40.98,NA,NA,28.2432,23,216.1767,15.62,0.616594,40.98,5.436,39.6588,1,9.5,19.540001,1.1
127,Jul-00,140.6,27.84,2.081687661,30.5,NA,9.81,2.081687661,30.5,358.2635,12.2,8.078999,37.77,NA,NA,27.8496,22.7,218.9462,16.78,0.628573,37.77,5.4386,38.995,1,9.5,20.74,0.78
128,Aug-00,143.58,27.05,2.163578263,30.5,NA,9.85,2.163578263,30.5,372.898,12.1,8.359526,33.84,NA,NA,27.7356,20.9,229.0184,15.43,0.646623,33.84,5.4385,35.5767,1,9.5,16.84,0.6
129,Sep-00,148.38,27,2.24321966,30.5,NA,9.94,2.24321966,30.5,388.67,11.8,8.639325,50.47,NA,NA,27.7981,20.5,238.7818,15.76,0.664548,50.47,5.439,39.7046,1,9.5,20.57,0.68
130,Oct-00,149.01,26.55,2.287988609,30.5,NA,10.18,2.287988609,30.5,396.69045,11.3,8.774601,47.55,NA,NA,27.87,20,243.9582,15.4,0.678046,47.55,5.4387,38.9714,1,9.5,23.629999,0.67
131,Nov-00,149.35,19.38,2.284076949,30.5,NA,10.19,2.284076949,30.5,397.34619,11.1,8.8353,51.45,NA,NA,27.8092,18.1,245.2146,15.75,0.684236,51.45,5.4371,38.3331,1,9.5,29.65,0.58
132,Dec-00,146.08,21.17,2.180613542,30.5,NA,10.27,2.180613542,30.5,380.21421,10.1,8.490237,105.56,63.1659,6.3,27.9663,18.2,235.28493,16.32,0.677621,105.56,5.4358,37.2872,1,9.5,26.85,0.77
133,Jan-01,141.74,23.62,2.08479743,30.5,NA,10.3,2.08479743,30.5,NA,9.4,8.098888,60.42,NA,NA,28.3592,18.6,225.9265,15.03,0.672094,60.42,5.4331,37.432,1,9.05,22.02,0.55
134,Feb-01,142.84,18.91,2.12231025,30.5,NA,10.15,2.12231025,30.5,NA,9.1,8.344957,81.41,NA,NA,28.5942,19.1,231.64972,15.91,0.760014,81.41,5.4296,35.641,1,8.5,28.35,0.46
135,Mar-01,144.33,23.22,2.151276092,30.99,NA,10.03,2.151276092,30.99,NA,8.78,8.440485,120.26,63.5822333,5.6,28.6769,18.8,235.6526,14.89,0.958636,120.26,5.4214,33.8025,1,8.32,28.639999,0.54
136,Apr-01,145.48,15.08,2.193228645,31.315,NA,10.07,2.193228645,31.315,NA,8.88,8.54399,102.29,NA,NA,28.8464,17.5,241.8551,15.21,1.204238,102.29,5.4182,33.0045,1,7.8,25.48,0.75
137,May-01,146.53,23.69,2.237919361,NA,NA,10.09,2.237919361,NA,NA,8.87,8.401878,72.86,NA,NA,29.0183,18.1,247.1487,14.97,1.132664,72.86,5.4137,31.6591,1,7.24,22.639999,0.49
138,Jun-01,148.56,24,2.292545693,NA,NA,10.13,2.292545693,NA,NA,8.65,8.54613,67.99,NA,5.5,29.1144,18,254.4375,16.67,1.213123,67.99,5.4012,32.0904,1,6.98,19.059999,0.35
139,Jul-01,147.82,23.46,2.272987393,NA,NA,9.99,2.272987393,NA,NA,8.64,8.388399,67.87,NA,NA,29.2173,18.6,253.4753,16.31,1.321554,67.87,5.3711,31.103,1,6.75,21.620001,0.23
140,Aug-01,143.25,24,2.172575081,NA,NA,10.03,2.172575081,NA,NA,8.59,8.214496,67.77,NA,NA,29.3452,18.1,243.4508,14.94,1.399933,67.77,5.3467,31.6919,1,6.67,24.92,0.21
141,Sep-01,142.671,14.62,2.147110174,NA,NA,9.98,2.147110174,NA,NA,8.35,8.248113,67.61,67.0123,6,29.4288,17.2,240.6709,15.25,1.472194,67.61,5.339,30.5587,1,6.28,31.93,0.35
142,Oct-01,141.393,15.49,2.159334112,NA,NA,9.93,2.159334112,NA,NA,8.08,8.250315,65.11,NA,NA,29.5344,17.4,242.7353,13.67,1.602467,65.11,5.3103,30.5224,1,5.53,33.560001,0.24
143,Nov-01,140.164,14.48,2.201971206,NA,NA,9.77,2.201971206,NA,NA,7.87,8.340104,61.65,67.7111,NA,29.7956,17,248.1792,14.01,1.519319,61.65,5.2873,30.2141,1,5.1,23.84,0.23
144,Dec-01,137.04,15.28,2.191859564,NA,NA,9.64,2.191859564,NA,NA,7.81,8.280737,61.15,66.91366,34.5,30.0916,16.5,247.8044,13.74,1.450821,61.15,5.2943,29.6161,1,4.84,23.799999,0.24
145,Jan-02,140.177,14.66,2.214742775,13.61,NA,9.62,2.214742775,13.61,NA,7.74,8.4552,59.23,67.7104375,33.28093264,30.4669,17.9,251.4046,13.69,1.365884,59.23,5.3126,29.6953,1,4.75,21.09,0.17
146,Feb-02,141.57,15.41,2.24805056,13.02,NA,9.58,2.24805056,13.02,NA,7.66,8.620424,58.94,69.11228,30.44835357,30.8007,15.9,256.6023,14.52,1.354162,58.94,5.321,29.3765,1,4.75,21.59,0.18
147,Mar-02,141.97,15.29,2.233264486,13.12,NA,9.64,2.233264486,13.12,NA,7.63,8.457186,54.12,68.65537692,28.16608,31.059,15.8,255.6975,14.94,1.354197,54.12,5.3223,27.552,1,4.75,17.4,0.2
148,Apr-02,144.06,14.83,2.208053837,12.92,NA,9.69,2.208053837,12.92,NA,7.59,8.359843,49.63,68.324948,26.18506659,31.1717,18.3,253.975,13.8,1.316498,49.63,5.3274,27.0726,1,4.75,21.91,0.25
149,May-02,144.91,14.57,2.133028198,12.83,NA,9.69,2.133028198,12.83,NA,7.52,8.069732,47.33,66.08744783,24.08941791,31.2476,17.7,246.137,14.79,1.39286,47.33,5.3279,26.1045,1,4.75,19.98,0.18
150,Jun-02,142.93,14.61,2.047812685,13.2,NA,9.76,2.047812685,13.2,NA,7.4,7.72245,49.16,63.556752,22.61737352,31.4021,15.2,237.0903,13.69,1.525699,49.16,5.3293,24.9555,1,4.75,25.4,0.18
151,Jul-02,138.28,14.54,1.971515757,12.62,NA,9.7,1.971515757,12.62,NA,7.29,7.405722,49.91,61.16207037,22.23731901,31.5144,16,228.33848,12.23,1.652279,49.91,5.3288,24.8888,1,4.75,32.029999,0.16
152,Aug-02,138.062,15.1,2.000227341,11.6,NA,9.72,2.000227341,11.6,NA,7.17,7.549316,49.21,62.28881852,22.66246688,31.5563,14.9,232.6756,12.21,1.636376,49.21,5.3291,23.9567,1,4.75,32.639999,0.16
153,Sep-02,139.28,14.84,1.99414471,12.87,NA,9.78,1.99414471,12.87,NA,7.2,7.488554,49.31,62.108468,20.14653321,31.6251,13.4,232.4664,12.18,1.64719,49.31,5.3295,23.4622,1,4.75,39.689999,0.18
154,Oct-02,138.653,18.82,1.994105593,12.21,NA,9.77,1.994105593,12.21,NA,7.29,7.569149,49.37,62.26748148,20.41054798,31.6926,13.7,233.1563,12.1,1.651258,49.37,5.3296,22.9494,1,4.75,31.139999,0.21
155,Nov-02,136.996,16.35,1.971867806,12.28,NA,9.73,1.971867806,12.28,NA,7.24,7.455646,44.9,61.16413462,21.44887371,31.8083,14.7,229.2173,12,1.60394,44.9,5.3304,22.382,1,4.35,27.5,0.23
156,Dec-02,134.9661905,14.63,1.921231367,12.07,NA,9.69,1.921231367,12.07,NA,7.23,7.306968,44.79,60.3408,19.71462115,31.8371,14.9,226.2178,11.9,1.586374,44.79,5.3316,21.798,1,4.25,28.620001,0.21
157,Jan-03,131.66,15.25,1.84170732,11.42,NA,9.68,1.84170732,11.42,NA,7.1,7.072432,45.46,58.4373,16.28987024,31.8152,14.5,217.5326,11.8,1.658401,45.46,5.3327,18.6094,1,4.25,31.17,0.2
158,Feb-03,130.18,14.68,1.815538314,11.28,NA,9.72,1.815538314,11.28,NA,7.04,7.039793,45.48,58.2282,18.03349843,31.7018,14.1,214.5393,11.6,1.626495,45.48,5.3339,17.6468,1,4.25,29.629999,0.18
159,Mar-03,129.64,14.87,1.81029669,11.51,NA,9.58,1.81029669,11.51,NA,6.99,7.093784,46.87,58.8796,15.21303449,31.4538,13.3,214.8451154,11.4,1.661504,46.87,5.3345,17.9624,1,4.25,29.15,0.16
160,Apr-03,129.166,15,1.803294818,11.14,NA,9.63,1.803294818,11.14,NA,7,6.971539,45.32,59.2239,18.71452949,31.2122,15.7,214.4403,11.2,1.623187,45.32,5.3341,18.2866,1,4.25,21.209999,0.17
161,May-03,121.316,13.74,1.690834593,11.2,NA,9.6,1.690834593,11.2,NA,6.88,6.538157,41.75,56.5025,16.4251203,30.9194,12.5,201.6995,11.1,1.495117,41.75,5.3332,17.9041,1,4.25,19.469999,0.22
162,Jun-03,119,14.3,1.6771829,10.77,NA,9.48,1.6771829,10.77,NA,6.76,6.443838,39.17,55.6967,17.2982061,30.4813,11.8,199.786,10.8,1.421278,39.17,5.333,17.2094,1,4.22,19.52,0.21
163,Jul-03,120.31,13.6,1.720035135,10.56,NA,NA,1.720035135,10.56,NA,6.61,6.591284,37.24,57.2154,15.88498223,30.3597,11.9,205.8367,10.5,1.415221503,37.24,5.3321,18.2426,1,4,19.49,0.21
164,Aug-03,119.925,13.76,1.756413573,10.43,NA,NA,1.756413573,10.43,NA,6.59,6.736895,35.25,58.3994,16.4251203,30.3478,11.8,210.6733,10.3,1.40038,35.25,5.3317,18.2378,1,4,18.629999,0.19
165,Sep-03,120.618,14.54,1.74368112,10.54,NA,NA,1.74368112,10.54,NA,6.57,6.703212,31.74,58.7425,16.31602567,30.5953,13.2,210.0532,10.2,1.374556,31.74,5.3316,17.2435,1,4,22.719999,0.21
166,Oct-03,116.337,15.9,1.672860516,10.52,NA,NA,1.672860516,10.52,NA,6.58,6.488812,27.74,56.7228,15.75030649,30.1649,12.5,201.2363923,10.1,1.430041,27.74,5.331703,17.7507,1,4,16.1,0.24
167,Nov-03,115.517,13.8,1.671784809,10.51,NA,NA,1.671784809,10.51,NA,6.63,6.51318,28.12,57.3728,16.03679237,29.8138,12,201.7175167,10.1,1.474541,28.12,5.33196,17.7908,1,4,16.32,0.24
168,Dec-03,108.69,11.81,1.591556663,10.56,NA,NA,1.591556663,10.56,NA,6.68,6.2667,28,55.604,15.48138457,29.4391,12.4,193.004664,9.9,1.429901,28,5.331797,17.8546,1,4,18.309999,0.27
169,Jan-04,106.219,15.40813312,1.550758049,10.53,NA,NA,1.550758049,10.53,NA,6.64,6.096698,26.22,54.4344,14.855034,28.9234,12.2,187.838328,9.8,1.347896,26.22,5.331229,17.817,1,4,16.629999,0.25
170,Feb-04,105.13,13.44516202,1.546709481,10.57,NA,NA,1.546709481,10.57,NA,6.75,6.052262,24.93,54.9061,16.39202498,28.5154,11.1,187.879058,9.4,1.328054,24.93,5.330565,17.9534,1,4,14.55,0.2
171,Mar-04,106.3586,10.38,1.595174948,10.53,NA,NA,1.595174948,10.53,NA,NA,6.113879,23.19,56.6712,15.93179905,28.5334,11.7,193.8063,9.4,1.318895,23.19,5.3295,17.2379,1,4,16.74,0.17
172,Apr-04,106.84,10.18860252,1.631338245,10.58,NA,NA,1.631338245,10.58,NA,NA,6.251286,23.41,58.2366,15.52571633,28.6759,12,198.119038,9,1.356376,23.41,5.329,18.1192,1,4,17.190001,0.21
173,May-04,106.2,11.15,1.630340771,10.26,NA,NA,1.630340771,10.26,NA,NA,6.187494,24.27,58.8769,15.79669999,28.9867,12.8,198.683992,8.9,1.506333,24.27,5.327374,17.3641,1,4,15.5,0.23
174,Jun-04,102.9,11.94,1.61136922,10.15,NA,NA,1.61136922,10.15,NA,NA,6.071835,24.61,58.9555,16.78553393,29.0315,11.6,196.942788,8.5,1.49376,24.61,5.322,16.6312,1,4,14.34,0.23
175,Jul-04,101.2940909,12.23471761,1.594685991,10.28,NA,NA,1.594685991,10.28,NA,NA,6.007601,24.88,59.1964,16.06704236,29.0817,11.2,195.488241,8.3,1.450553,24.88,5.3181,16.9894,1,4.25,15.32,0.3
176,Aug-04,102.58,11.26700412,1.606460087,10.18,NA,NA,1.606460087,10.18,NA,NA,6.048856,25.14,60.1169,15.12336364,29.213,11.6,196.995069,8.2,1.474527,25.14,5.3136,17.1413,1,4.42,15.29,0.26
177,Sep-04,102.42,11.1976119,1.600885972,9.99,NA,NA,1.600885972,9.99,NA,NA,6.072877,24.02,60.6922,15.80459265,29.2218,11.5,196.477719,8.1,1.5007,24.02,5.3097,17.0093,1,4.59,13.34,0.25
178,Oct-04,100.6,10.97149441,1.566287339,10.08,NA,NA,1.566287339,10.08,NA,NA,6.046657,23.9,60.5124,14.98912718,29.0776,10.9,192.2953,8.1,1.486398,23.9,5.3069,17.3053,1,4.75,16.27,0.32
179,Nov-04,98.24210526,11.98051284,1.505715284,10.31,NA,NA,1.505715284,10.31,NA,NA,5.825222,23.73,59.4058,16.08408688,28.5844,10.7,184.735032,8.1,1.446311,23.73,5.3063,17.7566,1,4.92,13.24,0.23
180,Dec-04,94.57681818,10.97502348,1.46215895,9.92,NA,NA,1.46215895,9.92,NA,NA,5.637421,22.81,58.5724,15.52693408,27.9201,10,179.312627,8,1.396644,22.81,5.3059,17.49,1,5.15,13.29,0.31
181,Jan-05,96.8,11.82,1.476632092,10,NA,NA,1.476632092,10,NA,NA,5.747653,21.5,60.7775,16.01980134,27.935,10.8,182.45274,8,1.3504,21.5,5.304648,18.12,1,5.25,12.82,0.33
182,Feb-05,97.3295,12.39,1.503035797,9.93,NA,NA,1.503035797,9.93,NA,NA,5.781287,20.53,61.5812,17.12521793,27.9736,10.6,184.210417,8,1.309754,20.53,5.300011,16.84,1,5.49,12.08,0.28
183,Mar-05,95.91,14,1.482949423,9.92,NA,NA,1.482949423,9.92,NA,NA,5.650418,19.99,61.1657,15.48138457,27.616,10.5,181.524762,8,1.308021,19.99,5.292023,17.04,1,5.59,14.02,0.29
184,Apr-05,97.337,13.5,1.511758799,9.98,NA,NA,1.511758799,9.98,NA,NA,5.714624,19.85,62.8115,15.34139864,27.8205,10.3,185.285728,7.9,1.358855,19.85,5.19201,16.43,1,5.75,15.31,0.37
185,May-05,98.29714286,14.6,1.541037574,9.59,NA,NA,1.541037574,9.59,NA,NA,5.754607,19.54,64.3646,15.61577398,27.9203,11,188.524332,7.8,1.366176,19.54,5.05,15.89,1,5.99,13.29,0.43
186,Jun-05,101.65,10.62,1.607848726,9.99,NA,NA,1.607848726,9.99,NA,NA,6.003958,20.67,67.751,15.20277972,28.5042,10.9,196.680556,7.8,1.356458,20.67,5.05483,15.39,1,6.01,12.04,0.45
187,Jul-05,101.277619,13.3,1.624923122,9.9,NA,NA,1.624923122,9.9,NA,NA,6.066461,20.52,68.887,15.07907354,28.6888,10,198.941338,7.8,1.333844,20.52,5.053226,15.16,1,6.25,11.57,0.4
188,Aug-05,99.17,14.49,1.591145938,9.48,NA,NA,1.591145938,9.48,NA,NA,5.982856,20.47,68.2935,13.48262139,28.4756,10.5,194.919946,7.8,1.342379,20.47,5.05,15.17,1,6.43,12.6,0.36
189,Sep-05,101.0318182,12.54,1.596055072,9.31,NA,NA,1.596055072,9.31,NA,NA,6.060507,20.44,68.8327,15.34139864,28.3645,10.5,195.277365,7.7,1.3365933,20.44,5.05,15.4,1,6.6,11.92,0.49
190,Oct-05,102.2505,13.38,1.627935101,9.18,NA,NA,1.627935101,9.18,NA,NA,6.143595,20.42,70.7377,14.54465382,28.5472,10.6,199.250632,7.6,1.354857,20.42,5.05,16.11,1,6.75,15.32,0.46
191,Nov-05,104.0594737,13.36,1.659619547,9.04,NA,NA,1.659619547,9.04,NA,NA,6.252416,20.41,72.9253,15.20277972,28.7565,11.4,203.247,7.6,1.35664,20.41,5.05,16.15,1,7,12.06,0.47
192,Dec-05,103.33,12.9,1.649723047,9.03,NA,NA,1.649723047,9.03,NA,NA,6.232461,20.42,72.438,16.83173462,28.8111,11.1,202.1508,7.6,1.34902,20.42,5.05,16.39,1,7.16,12.07,0.61
193,Jan-06,102.0547,12.32222181,1.616102329,8.56,NA,NA,1.616102329,8.56,NA,NA,6.099054,19.96,71.7024,16.96756122,28.4122,10.2,197.93862,7.6,1.33052,19.96,5.05,15.99,1,7.26,12.95,0.37
194,Feb-06,102.56,13.01399357,1.638320558,8.44,NA,NA,1.638320558,8.44,NA,NA,6.12846,19.5,72.9422,19.10137643,28.1968,10.7,200.44493,7.6,1.322432143,19.5,5.05,15.87,1,7.5,12.34,0.32
195,Mar-06,102.06429,13.52500857,1.627231002,8.31,NA,NA,1.627231002,8.31,NA,NA,6.10019,19.3,72.4865,17.37,27.8777,10.2,199.502026,7.6,1.33195,19.3,5.05,15.79,1,7.54,11.39,0.41
196,Apr-06,100.25722,11.97,1.594040567,8.09,NA,NA,1.594040567,8.09,NA,NA,5.9755,18.31,70.7881,18.29,27.5724,10.7,195.935617,7.5,1.333155,18.31,5.05,15.65,1,7.75,11.59,0.47
197,May-06,96.31318,12.13,1.531688706,8.3,NA,NA,1.531688706,8.3,NA,NA,5.699769,18.2,68.4285,18.2,27.0578,10.9,187.641144,7.4,1.431395161,18.2,5.05,15.27,1,7.92,16.440001,0.47
198,Jun-06,97.18,11.28,1.546240081,8.2,NA,NA,1.546240081,8.2,NA,NA,5.722947,21.74,68.4373,19.28,26.9839,10.4,189.190177,7.4,1.543530645,21.74,5.05,15.5,1,8.02,13.08,0.59
199,Jul-06,96.688571,10.45,1.542074164,7.93,NA,NA,1.542074164,7.93,NA,NA,5.714387,23.77,66.064,19.02,26.915,10.1,188.893004,7.4,1.550162903,23.77,5.05,14.98,1,8.25,14.95,0.55
200,Aug-06,95.537826,11.96,1.526662223,7.65,NA,NA,1.526662223,7.65,NA,NA,5.679723,23.81,64.7175,17.65,26.7653,10.3,187.076231,7.4,1.463851613,23.81,5.05,14.61,1,8.25,12.31,0.46
201,Sep-06,96.7552381,15.64476953,1.536734748,7.73,NA,NA,1.536734748,7.73,NA,NA,5.795937,23.81,65.1556,19.57,26.7442,10.5,188.056019,7.4,1.480511667,23.81,5.05,14.6,1,8.25,11.98,0.58
202,Oct-06,97.656,15.19661791,1.550934073,7.68,NA,NA,1.550934073,7.68,NA,NA,5.861821,23.91,64.0478,19.16,26.8558,10,190.038028,7.2,1.472514516,23.91,5.05,14.31,1,8.25,11.1,0.46
203,Nov-06,96.5015,15.61010263,1.518545529,7.62,NA,NA,1.518545529,7.62,NA,NA,5.710001,23.91,61.3425,18.71,26.6239,10.6,186.235248,7.3,1.454486667,23.91,5.05,14.4,1,8.25,10.91,0.43
204,Dec-06,93.672,12.17660033,1.480289494,7.66,NA,NA,1.480289494,7.66,NA,NA,5.56573,23.55,59.6374,16.56,26.2865,10.5,181.38805,7.1,1.426930645,23.55,5.05,15.06,1,8.25,11.56,0.51
205,Jan-07,96.042,16.604144,1.504717811,7.5,NA,NA,1.504717811,7.5,NA,NA,5.662532,23.53,61.332,15.48,26.4749,10,185.065,5.59,1.422703226,23.53,5.05,14.22,1,8.25,10.42,0.38
206,Feb-07,95.80059375,14.38225643,1.496014367,7.49,NA,NA,1.496014367,7.49,NA,NA,5.639683,23.3,60.7114,16.22,26.3351,9.9,183.3004,5.6,1.392608929,23.3,5.05,13.9,1,8.25,15.42,0.33
207,Mar-07,95.318,12.36992277,1.477062374,7.42,NA,NA,1.477062374,7.42,NA,NA,5.55913,23.3,61.0748,13.22,26.1108,10,NA,5.57,1.40443871,23.3,5.05,13.98,1,8.25,14.64,0.41
208,Apr-07,93.355,15.3814663,1.447118617,7.28,NA,NA,1.447118617,7.28,NA,NA,5.482475,22.65,59.6103,13.28,25.842,9.8,NA,5.64,1.355956667,22.65,5.05,14.05,1,8.25,14.22,0.49
209,May-07,92.70727273,14.87202321,1.447568458,7.09,NA,NA,1.447568458,7.09,NA,NA,5.422621,22.64,60.3296,12.04,25.8183,9.5,NA,5.71,1.334316129,22.64,5.05,13.44,1,8.25,13.05,0.63
210,Jun-07,91.76380952,13.46570759,1.457601866,7.06,NA,NA,1.457601866,7.06,NA,NA,5.467952,22.69,60.456,12.6,25.9256,9.5,NA,5.77,1.31834,22.69,5.05,14.14,1,8.25,16.23,0.75
211,Jul-07,89.18136364,13.48248468,1.42603477,7.13,NA,NA,1.42603477,7.13,NA,NA,5.321551,22.67,58.7931,11.65,25.5564,9.2,NA,5.88,1.280067742,22.67,5.05,13.92,1,8.25,23.52,0.54
212,Aug-07,89.68304348,14.60080197,1.435833478,7.05,NA,NA,1.435833478,7.05,NA,NA,5.366679,22.64,58.818,11.26,25.6305,9.9,NA,6.14,1.314764516,22.64,5.05,13.31,1,8.25,23.379999,1.3
213,Sep-07,89.1925,13.0827484,1.407689084,7.05,NA,NA,1.407689084,7.05,NA,NA,5.275187,22.63,57.2022,11.79,25.34305,10.4,NA,6.25,1.25885,22.63,5.05,13.78,1,8.03,18,1.59
214,Oct-07,86.04714286,13.68543672,1.374752907,7.04,NA,NA,1.374752907,7.04,NA,NA,5.149405,22.33,54.5654,11.39,24.89389742,10.6,NA,6.22,1.194493548,22.33,5.05,13.69,1,7.74,18.530001,1.24
215,Nov-07,83.0145,13.42177631,1.332076696,6.93,NA,NA,1.332076696,6.93,NA,NA,5.004536,21.11,53.8698,11.38,24.47368206,10.8,NA,6.18,1.187023333,21.11,5.05,13.95,1,7.5,22.870001,1.69
216,Dec-07,83.0295,13.84670508,1.341562472,7.03,NA,NA,1.341562472,7.03,NA,NA,5.022677,21.22,54.6797,11.13,24.56591493,10.8,NA,6.4,1.171608065,21.22,5.05,14.41,1,7.33,22.5,2
217,Jan-08,83.389,15.53260977,1.328947368,7.1,NA,NA,1.328947368,7.1,NA,NA,4.987008,21.19,55.6248,11.28817354,24.5011,10.4,NA,6.22,1.171608065,21.19,5.05,13.91,1,6.98,26.200001,1.17
218,Feb-08,83.89190476,14.2852301,1.326346115,6.85,NA,NA,1.326346115,6.85,NA,NA,4.933374,21.22,56.2935,12.82,24.5347,11,NA,6.15,1.191501724,21.22,5.05,14.64,1,6,26.540001,0.97
219,Mar-08,80.31944444,13.49938697,1.259906569,6.79,NA,NA,1.259906569,6.79,NA,NA,4.689464,21.21,53.6003,14.59,23.7607,11.3,NA,6.24,1.239456452,21.21,5.05,15.24,1,5.66,25.610001,1.52
220,Apr-08,77.7929,12.39916206,1.24184307,6.82,NA,NA,1.24184307,6.82,NA,NA,4.606358,21.16,51.3448,16.36,23.5127,11.2,NA,6.47,1.299333333,21.16,5.05,16.88,1,5.24,20.790001,1.5
221,May-08,78.4481,12.40719499,1.257289199,6.84,NA,NA,1.257289199,6.84,NA,NA,4.663891,21.72,52.7081,16.34,23.7294,11,NA,6.63,1.2453,21.72,4.985613,17.48,1,5,17.83,0.95
222,Jun-08,78.4567,13.6561452,1.257619218,6.83,NA,NA,1.257619218,6.83,NA,NA,4.665242,22.85,51.5628,16.93,23.6376,11.3,NA,6.73,1.231195,22.85,4.851927,17.28,1,5,23.950001,0.91
223,Jul-08,77.24,12.49067721,1.240289595,6.92,NA,NA,1.240289595,6.92,NA,NA,4.580458,23.1,49.697,16.47,23.3505,11.4,NA,6.83,1.210572581,23.1,4.843074,17.05,1,5,22.940001,1.17
224,Aug-08,81.1243,12.04244681,1.30661179,6.86,NA,NA,1.30661179,6.86,NA,NA,4.797094,23.09,51.0358,16.61,24.1314,11.8,NA,6.9,1.176125807,23.09,4.844574,17.34,1,5,20.65,1.08
225,Sep-08,85.6538,12.31731405,1.361433705,6.93,NA,NA,1.361433705,6.93,NA,NA,4.955398,23.24,53.1941,17.35,25.2837,12.7,NA,7.04,1.23723,23.24,4.852997,16.84,1,5,39.389999,2
226,Oct-08,92.62,12.99398506,1.470040945,7.12,NA,NA,1.470040945,7.12,NA,NA,5.355413,24.75,60.9542,17.02,26.3512,14.1,NA,7.32,1.480301613,24.75,5.042977,19.1,1,4.56,59.889999,3.35
227,Nov-08,96.8421,13.43584133,1.536284907,7.26,NA,NA,1.536284907,7.26,NA,NA,5.609362,25.71,67.9607,19.63,27.3101,15,NA,6.98,1.592911667,25.71,6.004137,22.55,1,4,55.279999,2.1
228,Dec-08,90.957,11.17571901,1.435735686,7.42,NA,NA,1.435735686,7.42,NA,NA,5.377415,25.72,64.7057,18.11,28.1314,15.5,NA,6.39,1.542724194,25.72,7.581358,21.6,1,3.61,40,1.8
229,Jan-09,94.617,11.74062487,1.477235047,7.44,NA,NA,1.477235047,7.44,NA,NA,5.529454,21.17,70.3831,18.61,31.4715,17.1,NA,5.89,1.594612903,21.17,7.7,26.52,1,3.25,44.84,1.08
230,Feb-09,100.6495,11.30752257,1.529928459,7.46,NA,NA,1.529928459,7.46,NA,NA,5.802756,18.49,73.2631,20.95,35.7597,16.6,NA,5.84,1.658741071,18.49,7.7,27.9,1,3.25,46.349998,0.95
231,Mar-09,100.495,11.11763797,1.500049244,7.53,NA,NA,1.500049244,7.53,NA,NA,5.710075,18.34,72.3567,17.38,34.6665,16.1,NA,6.02,1.707309677,18.34,7.7,26.65,1,3.25,44.139999,1.05
232,Apr-09,98.8255,12.75014856,1.482985573,7.77,NA,NA,1.482985573,7.77,NA,NA,5.624643,18.02,71.2437,17.3,33.5554,16,NA,6,1.602371667,18.02,7.7,20.42,1,3.25,36.5,0.95
233,May-09,96.7975,11.81356721,1.435150476,7.86,NA,NA,1.435150476,7.86,NA,NA,5.408127,17.96,69.4272,15.75,32.0576,15.9,NA,6,1.554329032,17.96,7.652981,18.48,1,3.25,28.92,0.64
234,Jun-09,93.59285714,12.46598904,1.395490963,8.1,NA,NA,1.395490963,8.1,NA,NA,5.208034,17.98,66.8003,15.2,31.0262,15.6,NA,5.98,1.541983333,17.98,7.615773,18.45,1,3.25,26.35,0.44
235,Jul-09,92.0826,11.92878599,1.388414465,8.12,NA,NA,1.388414465,8.12,NA,NA,5.197322,17.35,66.1601,13.61,31.5152,14.9,NA,5.84,1.516677419,17.35,7.648132,17.24,1,3.25,25.92,0.33
236,Aug-09,91.8852,12.85708203,1.370841723,8.2,NA,NA,1.370841723,8.2,NA,NA,5.140614,17.1,65.405,13.61,31.6275,15.2,NA,5.88,1.483,17.1,7.806613,17.47,1,3.25,26.01,0.25
237,Sep-09,92.0452381,15.8902,1.343317605,8.28,NA,NA,1.343317605,8.28,NA,NA,5.0309,16.89,64.1077,14.37,30.8114,14.7,NA,5.91,1.486683333,16.89,7.999017,17.77,1,3.25,25.610001,0.17
238,Oct-09,92.42380952,14.94770119,1.320159025,8.21,NA,NA,1.320159025,8.21,NA,NA,4.890609,16.16,62.8778,13.35,29.4748,14.1,NA,6.01,1.467816129,16.16,8.000168,19.28,1,3.25,30.690001,0.21
239,Nov-09,92.33894737,12.91062212,1.311427864,8.12,NA,NA,1.311427864,8.12,NA,NA,4.8852,16.11,63.2093,12.73,28.9831,13.8,NA,NA,1.483875,16.11,7.9944,20.59,1,3.25,24.51,0.22
240,Dec-09,93.98428571,12.20134028,1.339694416,8.1,NA,NA,1.339694416,8.1,NA,NA,4.979623,16.22,65.7332,11.78,29.9354,13.7,NA,NA,1.502117742,16.22,7.9778,19.59,1,3.25,21.68,0.2
241,Jan-10,96.84315789,12.36520045,1.370605487,8.06,NA,NA,1.370605487,8.06,NA,NA,5.09849,15.87,68.1602,11.52,29.9437,13.9,NA,NA,1.47246129,15.87,7.996958,18.3,1,3.25,24.620001,0.19
242,Feb-10,101.3365,13.66026955,1.429252667,7.87,NA,NA,1.429252667,7.87,NA,NA,5.327413,15.92,72.22,12.68,30.1884,12.7,NA,NA,1.515017857,15.92,8.000261,18.59,1,3.25,19.5,0.14
243,Mar-10,102.5072727,16.43228379,1.438894929,7.71,NA,NA,1.438894929,7.71,NA,NA,5.346701,15.93,73.456,11.26,29.5644,11.8,NA,NA,1.531017742,15.93,7.9671,17.5356,1,3.25,17.59,0.12
244,Apr-10,103.0236364,14.81465995,1.458733845,7.68,NA,NA,1.458733845,7.68,NA,NA,5.405008,15.82,74.0583,10.85,29.198,11.4,NA,NA,1.488653333,15.82,7.925713,16.7878,1,3.25,22.049999,0.15
245,May-10,108.7328571,14.9944246,1.557334717,7.63,NA,NA,1.557334717,7.63,NA,NA,5.752744,15.91,80.5496,10.35,30.35120223,11.3,NA,NA,1.541967742,15.91,7.925723,15.7883,1,3.25,32.07,0.3
246,Jun-10,111.885,12.80251755,1.602202774,7.57,NA,NA,1.602202774,7.57,NA,NA,5.921915,15.95,84.6696,10.58,31.16738031,11.4,NA,NA,1.573891667,15.95,7.915733,15.3704,1,3.25,34.540001,0.41
247,Jul-10,106.6304545,11.8297,1.530601948,8.19,NA,NA,1.530601948,8.19,NA,NA,5.667137,15.72,82.0038,10.74,30.6847,10.5,NA,NA,1.536922581,15.72,7.901555,14.5949,1,3.25,23.5,0.35
248,Aug-10,105.5927273,11.70036248,1.517250153,8.27,NA,NA,1.517250153,8.27,NA,NA,5.613821,15.78,81.5721,11.65,30.34210562,10,NA,NA,1.507125807,15.78,7.890297,13.8828,1,3.25,26.049999,0.21
249,Sep-10,104.8057143,10.76279069,1.496553673,8.04,NA,NA,1.496553673,8.04,NA,NA,5.593489,15.78,80.8842,16.15,30.83597231,9.7,NA,NA,1.491841667,15.78,7.910343,14.6472,1,3.25,23.700001,0.14
250,Oct-10,99.6,11.56629412,1.407371195,7.93,NA,NA,1.407371195,7.93,NA,NA,5.270324,13.82,76.5438,16.67,30.31976699,8.9,NA,NA,1.422983871,13.82,7.910494,14.8861,1,3.25,21.200001,0.16
251,Nov-10,101.33,11.25213434,1.432459458,7.87,NA,NA,1.432459458,7.87,NA,NA,5.38424,13.83,78.2939,17.68,30.9672,9.1,NA,NA,1.4359,13.83,7.927793,14.0578,1,3.25,23.540001,0.14
252,Dec-10,104.95,11.6873211,1.479613975,7.84,NA,NA,1.479613975,7.84,NA,NA,5.594845,12.9,80.3357,17.3,30.8521566,9.1,NA,NA,1.5164,12.9,7.955703,15.9798,1,3.25,17.75,0.16
253,Jan-11,103.84,14.03798417,1.463944611,7.78,NA,NA,1.463944611,7.78,NA,NA,5.537878,12.08,78.6004,18.67,30.0843,8.6,NA,NA,1.5609,12.08,7.949697,14.4304,1,3.25,19.530001,0.15
254,Feb-11,102.2735,21.22169371,1.432947469,7.7,NA,NA,1.432947469,7.7,NA,NA,5.431365,12.15,75.7607,18.7,29.2942,8.7,NA,NA,1.5874,12.15,7.940793,13.9813,1,3.25,18.35,0.18
255,Mar-11,100.1657143,11.18093932,1.397121223,7.54,NA,NA,1.397121223,7.54,NA,NA,5.285354,12.16,73.8216,18.4,28.4308,8.7,NA,NA,1.576,12.16,7.943965,14.8681,1,3.25,17.74,0.21
256,Apr-11,97.89,11.6919687,1.354265334,7.49,NA,NA,1.354265334,7.49,NA,NA,5.105235,12.9,70.2272,18.64,28.10396582,8.4,NA,NA,1.5179,12.9,7.96495,14.7169,1,3.25,14.75,0.22
257,May-11,98.78545455,11.1686952,1.363163777,7.46,NA,NA,1.363163777,7.46,NA,NA,5.1423,14.75,68.6413,18.03,27.8695648,8,NA,NA,1.5708,14.75,7.974597,15.0426,1,3.25,15.45,0.22
258,Jun-11,98.65045455,12.69073565,1.359348066,7.54,NA,NA,1.359348066,7.54,NA,NA,5.148899,14.89,69.3454,19.38,27.98405816,8.6,NA,NA,1.5982,14.89,7.97325,15.8322,1,3.25,16.52,0.21
259,Jul-11,97.9752381,11.19999389,1.372420361,7.39,NA,NA,1.372420361,7.39,NA,NA,5.193281,15.01,71.578,19.1,27.89987902,7.9,NA,NA,1.6506,15.01,7.971203,15.2089,1,3.25,25.25,0.21
260,Aug-11,97.48,11.63361035,1.363664266,7.41,NA,NA,1.363664266,7.41,NA,NA,5.192441,14.99,71.3588,17.84,28.7673,7.9,NA,NA,1.7543,14.99,7.971123,15.5927,1,3.25,31.620001,0.27
261,Sep-11,102.02,11.5665988,1.42255256,7.31,NA,NA,1.42255256,7.31,NA,NA,5.420572,14.92,73.4088,18.45,30.4905,8,NA,NA,1.7902,14.92,7.97283,16.0517,1,3.25,42.959999,0.34
262,Oct-11,102.764,10.89051843,1.426988178,7.16,NA,NA,1.426988178,7.16,NA,NA,5.467645,15.13,73.4005,18.9,31.35118848,8.6,NA,NA,1.8264,15.13,7.974674,18.7746,1,3.25,29.959999,0.39
263,Nov-11,103.817,11.39266617,1.442778106,7.26,NA,NA,1.442778106,7.26,NA,NA,5.512767,15.28,75.7052,17.5,30.8597,8.8,NA,NA,1.802943333,15.28,7.98392,18.9633,1,3.25,27.799999,0.46
264,Dec-11,105.0780952,10.50977879,1.484045079,7.14,NA,NA,1.484045079,7.14,NA,NA,5.6887,16.34,78.1529,17.17,31.45264018,9.3,NA,NA,1.86381129,16.34,7.989752,17.904,1,3.25,23.4,0.55
265,Jan-12,107.1033333,11.14351008,1.515559861,7.634,NA,NA,1.515559861,7.634,NA,NA,5.846617,16.38,81.4112,16.13,31.50950936,8.8,NA,NA,1.837922581,16.38,7.989794,16.4195,1,3.25,19.440001,0.53
266,Feb-12,105.3247619,9.907362269,1.479000303,7.034666667,NA,NA,1.479000303,7.034666667,NA,NA,5.733239,16.37,81.703,17.58,29.88195923,8.9,NA,NA,1.754344828,16.37,7.988448,16.0629,1,3.25,18.43,0.41
267,Mar-12,105.9735,12.67752962,1.481577154,7.579,NA,NA,1.481577154,7.579,NA,NA,5.709035,16.36,83.9011,18.02,29.3958,9.2,NA,NA,1.783998387,16.36,7.986242,16.0339,1,3.25,15.5,0.39
268,Apr-12,106.347619,11.3301039,1.485967178,7.419,NA,NA,1.485967178,7.419,NA,NA,5.691287,16.34,84.7767,18.2,26.42655506,9,NA,NA,1.782126667,16.34,7.98672,15.5042,1,3.25,17.15,0.39
269,May-12,108.9622727,11.27610598,1.529306505,7.490333333,NA,NA,1.529306505,7.490333333,NA,NA,5.870676,16.34,88.5107,18.06,30.6482,8.9,NA,NA,1.802414516,16.34,7.990777,15.558,1,3.25,24.059999,0.38
270,Jun-12,110.4842857,10.77509243,1.561416254,7.333333333,NA,NA,1.561416254,7.333333333,NA,NA,6.02671,16.32,92.3281,17.33,32.9132,9.3,NA,NA,1.820731667,16.32,7.9925,18.1042,1,3.25,17.08,0.37
271,Jul-12,111.7686364,11.78052146,1.592176817,7.473,NA,NA,1.592176817,7.473,NA,NA,6.089386,16.28,94.6657,18.43,32.5,9.5,NA,NA,1.80905,16.28,7.992871,19.7743,1,3.25,18.93,0.36
272,Aug-12,110.7878261,10.69827656,1.577283015,7.204,NA,NA,1.577283015,7.204,NA,NA,6.042111,16.23,95.3006,18.98,32.033,9.1,NA,NA,1.79173871,16.23,7.993,20.5531,1,3.25,17.469999,0.33
273,Sep-12,108.104,9.97657662,1.521244574,7.286,NA,NA,1.521244574,7.286,NA,NA,5.787501,16.35,90.7083,18.33,31.52728501,8.9,NA,NA,1.798306667,16.35,7.993,19.3162,1,3.25,15.73,0.28
274,Oct-12,107.786,9.439382385,1.507499615,7.056666667,NA,NA,1.507499615,7.056666667,NA,NA,5.783514,16.39,87.855,18.62,31.0920353,9.1,NA,NA,1.797712903,16.39,7.993,21.7682,1,3.25,18.6,0.22
275,Nov-12,109.005,11.21581396,1.524657,7.235,NA,NA,1.524657,7.235,NA,NA,5.876333,16.43,87.9326,18.54,31.4100796,9.1,NA,NA,1.789746667,16.43,7.993,23.1741,1,3.25,15.87,0.22
276,Dec-12,106.5685,10.34388323,1.490831418,7.202,NA,NA,1.490831418,7.202,NA,NA,5.747093,16.43,86.5866,18.2,30.74035266,9.4,NA,NA,1.783917742,16.43,7.993,18.438,1,3.25,18.02,0.24
277,Jan-13,104.9628571,9.800216496,1.471879425,6.970402016,NA,NA,1.471879425,6.970402016,NA,NA,5.701444,16.2,84.1702,17.38,30.25781113,8.8,NA,NA,1.76741129,16.2,7.993,17.6821,1,3.25,14.38,0.23
278,Feb-13,104.6085,11.12892865,1.464054196,6.98023205,NA,NA,1.464054196,6.98023205,NA,NA,5.664825,16.09,83.3515,18.33,30.16083713,9.6,NA,NA,1.772289286,16.09,7.993,17.0437,1,3.25,15.51,0.19
279,Mar-13,107.8110526,9.6707,1.508662446,7.086834065,NA,NA,1.508662446,7.086834065,NA,NA,5.846774,16.03,86.1783,19.47,30.7983715,10,NA,NA,1.80871129,16.03,7.993,17.4139,1,3.25,12.7,0.19
280,Apr-13,107.8631818,8.84958296,1.501490691,7.041633704,NA,NA,1.501490691,7.041633704,NA,NA,5.845017,16.01,85.6813,19.21,31.32900716,10.2,NA,NA,1.798076667,16.01,7.993,16.3679,1,3.25,13.52,0.22
281,May-13,108.5581818,11.59613883,1.506575849,7.269450776,NA,NA,1.506575849,7.269450776,NA,NA,5.828459,15.77,85.6255,18.75,31.24061472,9.9,NA,NA,1.821229032,15.77,7.993,16.7625,1,3.25,16.299999,0.23
282,Jun-13,106.892,9.563992664,1.482925164,6.921238336,NA,NA,1.482925164,6.921238336,NA,NA,5.687173,15.74,86.4037,17.49,32.27776391,9.5,NA,NA,1.895631667,15.74,7.993,15.9478,1,3.25,16.860001,0.22
283,Jul-13,107.2665217,11.35715244,1.495282875,6.658899118,NA,NA,1.495282875,6.658899118,NA,NA,5.733695,15.71,87.0417,18.49,32.73641288,9.2,NA,NA,1.932701613,15.71,7.993,16.5939,1,3.25,13.45,0.23
284,Aug-13,105.1966667,10.01270305,1.469444027,7.020335531,NA,NA,1.469444027,7.020335531,NA,NA,5.647567,15.79,85.6022,18.78,33.01542781,9.3,NA,NA,1.958590323,15.79,7.993,15.717,1,3.25,17.01,0.22
285,Sep-13,105.31,8.878049851,1.465260713,7.210665003,NA,NA,1.465260713,7.210665003,NA,NA,5.690963,15.5,85.9052,18.92,32.62842951,9.5,NA,NA,2.0196,15.5,7.993,15.8219,1,3.25,16.6,0.24
286,Oct-13,103.2740909,9.943646298,1.434405722,7.015529375,NA,NA,1.434405722,7.015529375,NA,NA,5.585714,15.5,83.7381,18.76,32.06224793,9.2,NA,NA,1.988043548,15.5,7.993,15.7899,1,3.25,13.75,0.19
287,Nov-13,103.9057895,9.018135126,1.449465613,7.026094815,NA,NA,1.449465613,7.026094815,NA,NA,5.651523,15.56,84.4711,17.23,32.6448,9,NA,NA,2.02391,15.56,7.993,16.9575,1,3.25,13.7,0.17
288,Dec-13,102.3752381,8.100005761,1.427169151,7.231262549,NA,NA,1.427169151,7.231262549,NA,NA,5.575408,15.26,83.7374,17.07,32.894,9.4,NA,NA,2.059024194,15.26,7.993,17.6923,1,3.25,13.72,0.18
289,Jan-14,103.2442857,9.356002019,1.437053637,6.963777242,NA,NA,1.437053637,6.963777242,NA,NA,5.597005,16.24,84.8058,18.29,33.457,9.2,NA,NA,2.21605,16.24,7.993,15.707,1,3.25,18.41,0.2
290,Feb-14,102.748,8.767726827,1.431898382,6.709976916,NA,NA,1.431898382,6.709976916,NA,NA,5.609337,16.42,84.8934,17.65,35.2237,9.4,NA,NA,2.215980357,16.42,8.654882,20.038,1,3.25,14,0.18
291,Mar-14,101.5485,9.340431512,1.414909933,6.925886085,NA,NA,1.414909933,6.925886085,NA,NA,5.538285,16.41,83.7803,16.55,36.211,10.3,NA,NA,2.217735484,16.41,9.920029,19.9947,1,3.25,13.88,0.18
292,Apr-14,101.3527273,7.995609514,1.415934265,6.735139724,NA,NA,1.415934265,6.735139724,NA,NA,5.522142,16.4,83.6824,16.55,35.6618,10.5,NA,NA,2.130078333,16.4,11.634154,17.7425,1,3.25,13.41,0.2
293,May-14,101.892381,8.605311323,1.424286339,6.947468887,NA,NA,1.424286339,6.947468887,NA,NA,5.52416,16.38,84.2142,16.05,34.9269,10.6,NA,NA,2.093959677,16.38,11.637603,18.5123,1,3.25,11.4,0.19
294,Jun-14,103.0861905,9.404202022,1.438956739,6.583524658,NA,NA,1.438956739,6.583524658,NA,NA,5.57476,17.55,84.9595,12.19,34.4065,10.7,NA,NA,2.117308333,17.55,11.808719,17.75,1,3.25,11.57,0.19
295,Jul-14,103.255,8.312027589,1.444589704,6.980960018,NA,NA,1.444589704,6.980960018,NA,NA,5.607284,17.49,85.7814,12.58,34.6352,10.7,NA,NA,2.117603226,17.49,11.754282,16.6453,1,3.25,16.950001,0.21
296,Aug-14,104.5752381,8.611537156,1.468781917,6.946402075,NA,NA,1.468781917,6.946402075,NA,NA,5.724264,17.83,88.0513,13.02,36.10997289,10.6,NA,NA,2.161040323,17.83,12.950088,17.5796,1,3.25,12.09,0.2
297,Sep-14,108.4113636,9.3782,1.516029765,6.405910853,NA,NA,1.516029765,6.405910853,NA,NA,5.889556,17.55,91.8623,13.83,37.86951548,10.6,NA,NA,2.207536667,17.55,13.023321,17.0186,1,3.25,16.309999,0.21
298,Oct-14,110.0065217,7.8598,1.543304664,6.160938664,NA,NA,1.543304664,6.160938664,NA,NA,6.037462,16,94.0946,13.95,40.7589,10.8,NA,NA,2.261041936,16,12.949826,16.7921,1,3.25,14.03,0.21
299,Nov-14,111.9863158,8.083709821,1.568176716,6.018512284,NA,NA,1.568176716,6.018512284,NA,NA,6.141372,16.91,96.1138,13.49,45.86489737,12,NA,NA,2.234215,16.91,14.697702,17.4574,1,3.25,13.33,0.21
300,Dec-14,113.6442857,8.188851949,1.586108183,6.319606267,NA,NA,1.586108183,6.319606267,NA,NA,6.212358,16,98.6247,14.81,55.4131,18.3,NA,NA,2.289959677,16,15.616307,17.379,1,3.25,19.200001,0.22
301,Jan-15,120.726,8.210373611,1.68301351,6.387681215,NA,NA,1.68301351,6.387681215,NA,NA,6.595428,15,105.7234,14.6,61.69875751,19.9,NA,NA,2.331603226,15,15.812726,17.8625,1,3.25,20.969999,0.23
302,Feb-15,123.455,8.1712,1.723198238,6.415032344,NA,NA,1.723198238,6.415032344,NA,NA,6.785967,15,106.9989,16.75,64.63236937,18.1,NA,NA,2.457203571,15,24.479893,19.278,1,3.25,13.34,0.24
303,Mar-15,129.6631818,9.3018,1.804604171,6.256506262,NA,NA,1.804604171,6.256506262,NA,NA,7.047619,16,111.1784,16.5,60.23427443,17.9,NA,NA,2.58888871,16,23.256215,23.458,1,3.25,15.29,0.24
304,Apr-15,129.9685,10.18246811,1.814481863,6.068345544,NA,NA,1.814481863,6.068345544,NA,NA,7.057815,14,111.1863,15.71,52.8694,17.2,NA,NA,2.65362,14,22.709473,23.9279,1,3.25,14.55,0.25
305,May-15,126.1935,8.8608,1.754107623,6.001414934,NA,NA,1.754107623,6.001414934,NA,NA,6.762653,13.5,108.0282,15.11,50.5807,16,NA,NA,2.6428,13.5,20.915256,23.6683,1,3.25,13.84,0.26
306,Jun-15,125.6077273,9.28105327,1.744252207,5.638095643,NA,NA,1.744252207,5.638095643,NA,NA,6.761819,13.5,107.4989,13.52,54.4998,15.5,NA,NA,2.699951667,13.5,21.232832,22.6267,1,3.25,18.23,0.27
307,Jul-15,126.9868182,7.492119086,1.778674063,5.793009326,NA,NA,1.778674063,5.793009326,NA,NA,6.879663,13.5,109.2394,13.18,57.0673,14.7,NA,NA,2.691609677,13.5,21.757373,21.91,1,3.25,12.12,0.26
308,Aug-15,125.392381,8.27658881,1.755839842,5.34286076,NA,NA,1.755839842,5.34286076,NA,NA,6.784488,15.5,107.9514,12.82,65.1515,14.2,NA,NA,2.847922581,15.5,21.6268673,22.0854,1,3.25,28.43,0.25
309,Sep-15,124.1866667,8.112745422,1.743008645,5.278268633,NA,NA,1.743008645,5.278268633,NA,NA,6.745421,16,106.9217,11.74,66.7662,13.97,NA,NA,3.005941667,16,21.7834192,22.0818,1,3.25,24.5,0.31
310,Oct-15,124.2085714,9.812383318,1.74083667,5.472805826,NA,NA,1.74083667,5.472805826,NA,NA,6.780515,15,106.9223,11.24,63.0652,13.58,NA,NA,2.924735,15,21.8413074,21.9017,1,3.25,15.07,0.31
311,Nov-15,128.504,8.379954136,1.821749255,5.07183724,NA,NA,1.821749255,5.07183724,NA,NA,7.063317,16,112.2435,NA,65.026,13.75,NA,NA,2.875713333,16,23.3126251,21.8219,1,3.25,16.129999,0.24
312,Dec-15,126.637619,8.63,1.798133677,5.740798158,NA,NA,1.798133677,5.740798158,NA,NA,7.03494,16,111.8447,NA,69.6603,13.8,NA,NA,2.920112903,16,23.4083862,21.2531,1,3.37,18.209999,0.31
