,Date,DE.LR,AL.LR,SI.LR,GR.LR,RS.LR,US.LR,DE.ER,HR.LR,RS.ER,U2.LR,GR.ER,AL.ER,U2.ER,UA.LR,US.ER,SI.ER,TR.ER,HR.ER,RU.LR,UA.ER,BA.LR,RU.ER,BA.ER,TU.ER,VIX
1,Jan 1990,11.09,NA,NA,158.025,NA,1,1.6918,NA,NA,NA,25.4,NA,NA,NA,10.11,NA,0.00233086,NA,NA,NA,NA,NA,NA,11.09,25.360001
2,Feb 1990,11.24,NA,NA,157.921,NA,1,1.676,NA,NA,NA,25.3,NA,NA,NA,10,NA,0.00237997,NA,NA,NA,NA,NA,NA,11.24,21.99
3,Mar 1990,11.52,NA,NA,162.471,NA,1,1.7045,NA,NA,NA,25.3,NA,NA,NA,10,NA,0.00245519,NA,NA,NA,NA,NA,NA,11.52,19.73
4,Apr 1990,11.55,NA,NA,163.906,NA,1,1.6882,NA,NA,NA,26.21,NA,NA,NA,10,NA,0.00250229,NA,NA,NA,NA,NA,NA,11.55,19.52
5,May 1990,11.58,NA,NA,163.523,NA,1,1.6617,NA,NA,NA,26.5,NA,NA,NA,10,NA,0.00255006,NA,NA,NA,NA,NA,NA,11.58,17.370001
6,Jun 1990,11.6,NA,NA,164.839,NA,1,1.684,NA,NA,NA,27.7,NA,NA,NA,10,NA,0.00262907,NA,NA,NA,NA,NA,NA,11.6,15.5
7,Jul 1990,11.58,NA,NA,160.631,NA,1,1.6399,NA,NA,NA,27.7,NA,NA,NA,10,NA,0.00266485,NA,NA,NA,NA,NA,NA,11.58,21.110001
8,Aug 1990,11.65,NA,NA,154.879,NA,1,1.5707,NA,NA,NA,29.4,NA,NA,NA,10,NA,0.00268002,NA,NA,NA,NA,NA,NA,11.65,29.9
9,Sep 1990,11.69,NA,NA,155.087,NA,1,1.5697,NA,NA,NA,29.45,NA,NA,NA,10,NA,0.00271851,NA,NA,NA,NA,NA,NA,11.69,29.110001
10,Oct 1990,11.73,NA,NA,153.066,NA,1,1.5233,NA,NA,NA,29.45,NA,NA,NA,10,NA,0.0027424,NA,NA,NA,NA,NA,NA,11.73,30.040001
11,Nov 1990,11.91,NA,NA,152.261,NA,1,1.487,NA,NA,NA,29.5,NA,NA,NA,10,NA,0.00277655,NA,NA,NA,NA,NA,NA,11.91,22.16
12,Dec 1990,11.97,1,NA,155.558,NA,1,1.492,NA,NA,NA,29.5,NA,NA,NA,10,NA,0.00287393,NA,NA,NA,NA,NA,NA,11.97,26.379999
13,Jan 1991,11.85,NA,NA,159.868,NA,1,1.51,NA,NA,NA,29.4,NA,NA,NA,9.52,NA,0.00299071,NA,NA,NA,NA,NA,NA,11.85,20.91
14,Feb 1991,12.18,NA,NA,158.511,NA,1,1.4799,NA,NA,NA,29.5,NA,NA,NA,9.05,NA,0.00313457,NA,NA,NA,NA,NA,NA,12.18,21.23
15,Mar 1991,12.22,NA,NA,172.749,NA,1,1.6022,NA,NA,NA,29.5,NA,NA,NA,9,NA,0.0035305,NA,NA,NA,NA,NA,NA,12.22,16.879999
16,Apr 1991,12.26,NA,NA,184.772,NA,1,1.7031,NA,NA,NA,29.6,NA,NA,NA,9,NA,0.0037983,NA,NA,NA,NA,NA,NA,12.26,18.24
17,May 1991,12.24,NA,NA,187.843,NA,1,1.717,NA,NA,NA,29.6,NA,NA,NA,8.5,NA,0.00398082,NA,NA,NA,NA,NA,NA,12.24,15.93
18,Jun 1991,12.26,NA,NA,194.957,NA,1,1.7843,NA,NA,NA,29.5,NA,NA,NA,8.5,NA,0.00423126,NA,NA,NA,NA,NA,NA,12.26,19.549999
19,Jul 1991,12.27,NA,NA,195.739,NA,1,1.7887,NA,NA,NA,29.5,NA,NA,NA,8.5,NA,0.00437752,NA,NA,NA,NA,NA,NA,12.27,15.18
20,Aug 1991,12.47,NA,NA,192.62,NA,1,1.7452,NA,NA,NA,29.5,NA,NA,NA,8.5,NA,0.00451229,NA,NA,NA,NA,NA,NA,12.47,14.46
21,Sep 1991,12.92,NA,NA,188.37,NA,1,1.6981,NA,NA,NA,29.5,NA,NA,NA,8.2,NA,0.00465204,NA,NA,NA,NA,NA,NA,12.92,15.85
22,Oct 1991,12.95,NA,NA,188.271,NA,1,1.6915,NA,NA,NA,29.4,NA,NA,NA,8,NA,0.00484805,NA,NA,NA,NA,NA,NA,12.95,15.48
23,Nov 1991,12.98,NA,53.3942,183.84,NA,1,1.625,NA,NA,NA,29.2,NA,NA,NA,7.58,NA,0.00495134,NA,NA,NA,NA,NA,NA,12.98,20.26
24,Dec 1991,12.95,1,57.7316,179.657,NA,1,1.5695,NA,NA,NA,29.2,NA,NA,NA,7.21,824.56,0.00505439,NA,NA,NA,NA,NA,NA,12.95,19.309999
25,Jan 1992,13.35,8,58.8696,182.325,NA,1,1.5774,NA,NA,NA,29,50,NA,NA,6.5,564.06,0.00531291,0.086494,NA,NA,NA,NA,NA,13.35,17.4
26,Feb 1992,13.39,8,74.4996,187.056,NA,1,1.6197,NA,NA,NA,28.8,50,NA,NA,6.5,319.86,0.00566585,0.089024,NA,NA,NA,NA,NA,13.39,16.68
27,Mar 1992,13.38,8,82.2383,192.155,NA,1,1.6611,NA,NA,NA,28.8,50,NA,NA,6.5,328.03,0.00609835,0.107733,NA,NA,NA,NA,NA,13.38,16.18
28,Apr 1992,13.4,8,83.7294,192.808,NA,1,1.6483,NA,NA,NA,28.8,50,NA,NA,6.5,365.44,0.00642051,0.127498,NA,NA,NA,NA,NA,13.4,15.53
29,May 1992,13.43,8,83.4898,192.004,NA,1,1.6206,NA,NA,NA,28.7,50,NA,NA,6.5,122.53,0.0067137,0.165824,NA,NA,NA,NA,NA,13.43,13.86
30,Jun 1992,13.44,8,80.667,190.884,NA,1,1.574,NA,NA,NA,28.7,50,NA,NA,6.5,167.05,0.00688537,0.200984,NA,NA,NA,0.138,NA,13.44,13.35
31,Jul 1992,13.55,39,76.0238,181.848,NA,1,1.4909,NA,NA,NA,28.5,112.6,NA,NA,6.02,142.79,0.00694614,0.225975,NA,NA,NA,0.168,NA,13.55,13.17
32,Aug 1992,14.08,32,77.8032,179.346,NA,1,1.451,NA,NA,NA,28.5,100.81,NA,NA,6,56.86,0.00709491,0.258165,NA,NA,NA,0.217,NA,14.08,13.58
33,Sep 1992,14.05,32,82.0542,182.014,NA,1,1.4477,NA,NA,NA,28.6,94.74,NA,NA,6,46.59,0.00728158,0.303722,NA,NA,NA,0.344,NA,14.05,14.28
34,Oct 1992,13.72,32,85.5644,191.68,NA,1,1.4816,NA,NA,NA,28.6,96.17,NA,NA,6,69.77,0.00757811,0.383422,NA,NA,NA,0.424,NA,13.72,16.15
35,Nov 1992,13.68,32,94.3542,206.18,NA,1,1.5877,NA,NA,NA,28.8,97.19,NA,NA,6,86.75,0.00811817,0.529025,NA,NA,NA,0.415,NA,13.68,13.01
36,Dec 1992,13.66,32,96.1504,209.191,NA,1,1.5798,2332.92,NA,NA,28.7,98.88,NA,75.7,6,71.6,0.00835348,0.681713,NA,0.00631,NA,0.462,NA,13.66,12.57
37,Jan 1993,13.65,32,99.119,215.822,NA,1,1.6158,1370.6301,NA,NA,28.8,105.25,NA,76.6,6,41.75,0.00870774,0.870306,NA,0.00728,NA,0.568,NA,13.65,12.42
38,Feb 1993,13.47,32,101.2868,220.395,NA,1,1.6416,1462.0001,NA,NA,28.9,106.58,NA,88.2,6,100.09,0.00905664,1.064959,NA,0.00973,NA,0.659,NA,13.47,13.16
39,Mar 1993,13.35,32,103.8113,223.451,NA,1,1.6474,1821.6301,NA,NA,28.9,106.29,NA,87.1,6,49.76,0.00939053,1.367153,NA,0.01729,NA,0.756,NA,13.35,12.53
40,Apr 1993,13.22,32,104.2541,217.421,NA,1,1.596,2023.62,NA,NA,28.7,105.48,NA,110.5,6,41.4,0.0095558,1.676301,NA,0.03002,NA,0.893,NA,13.22,12.42
41,May 1993,13.03,32,108.5463,217.9,NA,1,1.60605,1898.71,NA,NA,28.7,103.61,NA,144.3,6,34.24,0.00996524,2.140283,NA,0.02999,NA,1.08,NA,13.03,13.47
42,Jun 1993,13.01,25,114.2431,225.027,NA,1,1.6522,1928.82,NA,NA,28.7,104.46,NA,231.8,6,41.51,0.01047798,2.756372,NA,0.03658,NA,1.03,NA,13.01,11.26
43,Jul 1993,12.89,25,120.1222,234.646,NA,1,1.7147,1990.28,NA,NA,28.3,104.51,NA,223.3,6,41.72,0.01118516,3.522089,NA,0.04589,NA,0.986,NA,12.89,11.73
44,Aug 1993,12.69,25,119.1228,237.725,NA,1,1.6957,2005.91,NA,NA,28.3,100.1,NA,204.4,6,30.73,0.01164414,4.292188,NA,0.0597,NA,1.065,NA,12.69,11.85
45,Sep 1993,12.51,30,115.0601,232.42889,NA,1,1.62264,2578.56,NA,NA,28.3,97.43,NA,224.2,6,46.16,0.01187009,5.287146,NA,0.0597,NA,1.186,NA,12.51,12.99
46,Oct 1993,12.32,30,118.2042,237.207,NA,1,1.63802,101.45,NA,NA,28.4,96.7,NA,246.3,6,45.18,0.01253239,7.053911,NA,0.0597,NA,1.191,NA,12.32,11.46
47,Nov 1993,12.09,30,125.7651,243.64044,NA,1,1.7,82.69,NA,NA,28.3,96.44,NA,279.2,6,68.12,0.0133894,6.483832,NA,0.06194,NA,1.239,NA,12.09,13.76
48,Dec 1993,11.97,30,129.3676,245.33479,NA,1,1.70974,59,NA,NA,28.4,97.9,NA,295.1,6,42.64,0.01404043,6.435247,NA,0.12608,NA,1.247,NA,11.97,11.66
49,Jan 1994,11.94,26,133.8611,250.28276,NA,1,1.74312,55.9101,NA,NA,26.7,99.11,NA,310.2,6,40.52,0.0144252,6.600866,NA,0.1261,NA,NA,NA,11.94,10.63
50,Feb 1994,11.91,26,134.66,250.72925,NA,1,1.73722,53.5801,NA,NA,26.8,100.97,NA,384.7,6,42.93,0.01775202,6.461714,NA,0.1261,NA,NA,NA,11.91,14.87
51,Mar 1994,11.81,26,132.4118,246.95547,NA,1,1.69233,23.2901,NA,NA,27,101.21,NA,389.8,6.06,36.64,0.02060505,6.172252,NA,0.1261,NA,NA,NA,11.81,20.450001
52,Apr 1994,11.76,26,133.715,249.14201,NA,1,1.69824,17.74,NA,NA,26.8,100.95,NA,328,6.45,33.5,0.03180865,6.234779,NA,0.1261,NA,NA,NA,11.76,13.77
53,May 1994,11.55,26,131.5431,245.441,NA,1,1.6578,16.49,NA,NA,28.7,99.7,NA,303.1,6.99,49.57,0.03366324,6.161657,NA,0.13437,NA,NA,NA,11.55,13.03
54,Jun 1994,11.27,26,129.9219,245.253,NA,1,1.6291,16.21,NA,NA,29.3,96.87,NA,254.7,7.25,31.56,0.03175698,6.07139,NA,0.1662,NA,NA,NA,11.27,14.97
55,Jul 1994,11.26,26,125.2679,237.28499,NA,1,1.57086,16.14,NA,NA,28.2,91.39,NA,192.5,7.25,40.5,0.03103065,5.813981,NA,0.195,NA,NA,NA,11.26,11.13
56,Aug 1994,11.25,22,124.7576,237.00024,NA,1,1.5646,14.9,NA,NA,27.8,87.39,NA,151.3,7.51,32.62,0.03171179,5.783077,NA,0.2025,NA,NA,NA,11.25,11.97
57,Sep 1994,11.25,20,124.3869,236.10205,NA,1,1.55089,15.17,NA,NA,27.4,84.87,NA,141.6,7.75,33.1,0.03392861,5.73285,NA,0.25,NA,NA,NA,11.25,14.28
58,Oct 1994,11.24,20,122.5802,233.08972,NA,1,1.5184,14.46,NA,NA,27.2,86.93,NA,141.4,7.75,38.85,0.03486964,5.604252,NA,0.4532,NA,NA,NA,11.24,14.56
59,Nov 1994,11.22,20,124.5197,237.11046,NA,1,1.53869,15.65,NA,NA,27,91.19,NA,201.4,8.15,48.09,0.03630817,5.614048,NA,0.94083,NA,NA,NA,11.22,15.95
60,Dec 1994,11.25,20,128.0775,242.84286,NA,1,1.57228,15.39,NA,NA,26.4,94.9,NA,204.7,8.5,38.53,0.03744411,5.725271,NA,1.08367,NA,NA,NA,11.25,13.2
61,Jan 1995,11.27,20,125.3941,238.204,NA,1,1.5324,16,NA,NA,25.6,94.9,NA,205.3,8.5,31.88,0.04015037,5.565286,386.3,1.08155,NA,NA,NA,11.27,11.96
62,Feb 1995,11.24,20,123.12,235.91353,NA,1,1.5018,16.13,NA,NA,25.6,93.68,NA,198.8,9,33.45,0.04107996,5.46032,449.4,1.21157,NA,NA,NA,11.24,11.75
63,Mar 1995,11.25,20,115.3551,228.75433,NA,1,1.40656,16.72,NA,NA,25.3,91.77,NA,182.6,9,28.04,0.0419194,5.110848,422.1,1.32648,NA,NA,NA,11.25,13.37
64,Apr 1995,11.1,20,112.7375,224.91888,NA,1,1.38059,17.56,NA,NA,23.9,92.89,NA,136.1,9,21.25,0.04230643,5.005747,416.7,1.31403,NA,NA,NA,11.1,11.75
65,May 1995,11.03,20,114.7272,228.27,NA,1,1.40766,18.72,NA,NA,23.5,92.43,NA,117,9,14.16,0.0429536,5.066538,404.1,1.30481,NA,NA,NA,11.03,12.85
66,Jun 1995,11,18,113.9983,226.20549,NA,1,1.40032,22.62,NA,NA,23.1,91.99,NA,86.1,9,18.03,0.04320408,5.048395,316.1,1.4215,NA,4.751,NA,11,11.38
67,Jul 1995,10.99,18,113.0555,225.45525,NA,1,1.38936,21.38,NA,NA,21.9,90.35,NA,78.8,8.8,19.11,0.04447508,5.010752,283.2,1.43674,NA,4.529,NA,10.99,13.49
68,Aug 1995,10.97,18,117.5655,232.04161,NA,1,1.44511,22.01,NA,NA,21.8,91.48,NA,73.6,8.75,20.34,0.04679631,5.223291,253.4,1.60897,NA,4.415,NA,10.97,11.52
69,Sep 1995,10.68,18,120.5053,235.89998,NA,1,1.46227,21.73,NA,NA,21.7,94.39,NA,78.5,8.75,19.68,0.04778686,5.404967,216.7,1.6534,NA,4.46857,NA,10.68,12.74
70,Oct 1995,10.66,19.9,118.9103,232.56342,NA,1,1.4143,23.52,NA,NA,21.6,92.18,NA,93.4,8.75,22.3,0.05007156,5.261732,233.3,1.74403,NA,4.50218,NA,10.66,13.83
71,Nov 1995,10.62,22.9,121.2683,233.79634,NA,1,1.41648,24.21,NA,NA,21.5,92.16,NA,116.4,8.75,24.1,0.0524772,5.264629,237.5,1.77885,NA,4.537,NA,10.62,11.58
72,Dec 1995,10.52,21,125.5845,237.93,NA,1,1.44074,22.32,NA,NA,21.1,94.15,9.59,105.8,8.65,27.97,0.05691988,5.346568,224.9,1.79497,NA,4.61605,NA,10.52,12.52
73,Jan 1996,10.39,19.6,129.5255,240.496,NA,1,1.46165,26.37,NA,NA,21.4,95.35,9.42,110.5,8.5,23.11,0.06050208,5.404109,203.6,1.828,NA,4.682,NA,10.39,12.53
74,Feb 1996,10.29,20.2,131.8662,242.40726,NA,1,1.4661,25.81,NA,NA,21.2,98.33,9.31,110.9,8.25,25.34,0.06421813,5.429881,183.8,1.8810345,NA,4.757,NA,10.29,17.040001
75,Mar 1996,10.28,20.7,133.61,241.58125,NA,1,1.4777,24.87,NA,NA,21.2,99.03,9.23,102.5,8.25,25.76,0.06847624,5.458129,176.1,1.8915161,NA,4.834,NA,10.28,18.879999
76,Apr 1996,10.25,21,135.91,241.79927,NA,1,1.50608,25.59,NA,NA,21.2,102.7,9.11,91.2,8.25,26.07,0.0729758,5.541214,177.3,1.8726667,NA,4.9,NA,10.25,15.83
77,May 1996,10.11,22.7,138.24,243.199,NA,1,1.53336,25.06,NA,NA,21.2,111.347,8.99,85.7,8.25,27.01,0.07671518,5.571186,174.2,1.8419,NA,4.978,NA,10.11,16.07
78,Jun 1996,10.08,24.8,137.36,241.527,NA,1,1.52737,23.57,NA,NA,21.2,110.01,8.88,73.4,8.25,26.01,0.0798049,5.4867,177.6,1.8197667,NA,5.053,NA,10.08,13.68
79,Jul 1996,10.04,24.5,134.86,237.74739,NA,1,1.50496,22.78,NA,NA,21.2,111.25,8.84,66.2,8.25,23.99,0.08278345,5.367978,151,1.7808387,NA,5.147,NA,10.04,19.459999
80,Aug 1996,10.06,27,132.12,236.834,NA,1,1.4828,20.81,NA,NA,21.1,108.84,8.77,63.6,8.25,21.18,0.08506461,5.25389,125.2,1.76,NA,5.28,NA,10.06,17.01
81,Sep 1996,10.05,26.1,134.38,239.37621,NA,1,1.50583,18.67,NA,NA,20.6,108.42,8.69,63.2,8.25,18.64,0.08891147,5.346405,152.3,1.76,NA,5.37,NA,10.05,16.950001
82,Oct 1996,10.01,25.9,137.91,239.91592,NA,1,1.52826,17.99,NA,NA,20.5,106.9,8.55,63.7,8.25,17.07,0.09394171,5.446352,90.6,1.7748,NA,5.431,NA,10.01,18.110001
83,Nov 1996,9.35,26.2,137.44,238.32571,NA,1,1.51169,20.2,NA,NA,20.5,99.78,8.47,66.3,8.25,18.74,0.0987085,5.3829,83.1,1.8592,NA,5.482,NA,9.35,17.139999
84,Dec 1996,9.3,28.8,141.15,245.3295,NA,1,1.55149,18.46,NA,NA,20.2,102.03,8.27,61.4,8.25,18.27,0.10475663,5.52119,66.9,1.8839,NA,5.536,NA,9.3,20.92
85,Jan 1997,9.26,24,145.66,251.54901,NA,1,1.6043,17.62,NA,NA,19.9,110.94,8.07,63.6,8.25,18.04,0.112019,5.703819,44.2,1.8914,1.6043,5.601,NA,9.26,19.469999
86,Feb 1997,9.17,24.1,152.19,262.453,NA,1,1.67467,17.17,NA,NA,19.6,129.1,7.97,62.6,8.25,20.24,0.11908,5.960005,46.1,1.8436,1.67467,5.654,NA,9.17,21.1
87,Mar 1997,9.16,28.4,154.75,266.86157,NA,1,1.69686,16.89,NA,NA,19.3,143.46,7.89,53.15,8.3,20.66,0.124991,6.06137,41.6,1.8371,1.69686,5.704,NA,9.16,22.139999
88,Apr 1997,9.17,37,155.93,270.15097,NA,1,1.71096,16.87,NA,NA,19,147.05,7.75,52.35,8.5,18.88,0.131379,6.106036,32.5,1.8479,1.71096,5.747,NA,9.17,20.059999
89,May 1997,9.12,31,155.24,271.47903,NA,1,1.70325,15.79,NA,NA,18.7,159.97,7.68,53.69,8.5,19.54,0.137257,6.089535,34,1.8428,1.70325,5.77,NA,9.12,19.190001
90,Jun 1997,9.13,31,156.74,273.679,NA,1,1.72731,15.3,NA,NA,18.3,179.07,7.59,50.27,8.5,19.82,0.144418,6.154238,28.6,1.8578,1.72731,5.78,NA,9.13,21.530001
91,Jul 1997,9.06,31,162.64,280.9761,NA,1,1.79193,14.96,NA,NA,18.2,171.59,7.45,47,8.5,19.45,0.153523,6.376261,28.8,1.857,1.79193,5.787,NA,9.06,21.48
92,Aug 1997,9.06,31,169.48,288.88998,NA,1,1.8424,14.24,NA,NA,18.2,158.35,7.43,42.22,8.5,20.76,0.163535,6.557311,28.3,1.856,1.8424,5.811,NA,9.06,24.76
93,Sep 1997,9.12,26,166.81,282.1759,NA,1,1.79056,14.29,NA,NA,18.4,148.625,7.39,41.6,8.5,21.1,0.170471,6.351645,24.8,1.8606,1.79056,5.846,NA,9.12,22.91
94,Oct 1997,9.12,43,165.59,276.87045,NA,1,1.75667,14.59,NA,NA,18.2,147.16,7.29,38.21,8.5,20.58,0.178293,6.215778,24,1.8713,1.75667,5.875,NA,9.12,35.09
95,Nov 1997,9.13,43,163.58,271.994,NA,1,1.7331,13.73,NA,NA,20.1,142.88,7.24,41.97,8.5,20.88,0.187477,6.09715,23,1.8794,1.7331,5.902,NA,9.13,27.43
96,Dec 1997,9.05,NA,167.65,279.61523,5.9123,1,1.77666,14.16,77.97,NA,19.1,149,7.21,42.74,8.5,20.34,0.199937,6.253843,28.6,1.895,1.77666,5.941,NA,9.05,24.01
97,Jan 1998,9.05,NA,171.3,286.992,NA,1,1.81668,14.68,NA,NA,19.5,152.28,7.15,43.81,8.5,20.1,0.211844,6.37524,29.8,1.9091,1.81668,5.9951,NA,9.05,21.469999
98,Feb 1998,9.11,NA,171.31,286.80698,NA,1,1.81415,14.5,NA,NA,19.8,156.48,7.11,48.69,8.5,20,0.223632,6.386785,30.4,1.9566,1.81415,6.0497,NA,9.11,18.549999
99,Mar 1998,9.06,NA,172.26,306.3645,NA,1,1.82669,14.81,NA,NA,19.3,159.38,7.04,48.85,8.5,18.24,0.235817,6.435205,38.3,2.034,1.82669,6.0896,NA,9.06,24.219999
100,Apr 1998,9.08,NA,170.79,316.853,NA,1,1.81471,15.31,NA,NA,18.7,159.29,6.94,47.69,8.5,19.77,0.245161,6.464357,38.8,2.0399,1.81471,6.1238,NA,9.08,21.18
101,May 1998,9.05,NA,165.98,306.931,NA,1,1.77458,16.67,NA,NA,18.5,156.42,6.85,47.09,8.5,17.64,0.252332,6.390715,40.4,2.0495,1.77458,6.1485,NA,9.05,21.32
102,Jun 1998,9,NA,167.53,304.13333,NA,1,1.79172,16.97,NA,NA,18.6,153.37,6.76,47.97,8.5,16.41,0.261123,6.503371,48,2.0589,1.79172,6.1797,NA,9,19.709999
103,Jul 1998,9.02,NA,169.12,299.42911,NA,1,1.7979,16.02,NA,NA,18.3,150.17,6.66,53.04,8.5,15.72,0.268393,6.53787,44.9,2.1026,1.7979,6.2163,NA,9.02,24.799999
104,Aug 1998,9,NA,168.72,300.9938,NA,1,1.7886112,15.74,NA,NA,18.2,148.51,6.61,57.36,8.5,14,0.274022,6.443245,48.6,2.1832,1.788611,6.7495,NA,9,44.279999
105,Sep 1998,8.99,NA,161.06,293.0491,NA,1,1.70295,15.55,NA,NA,18.2,147.99,6.6,63.83,8.49,13.95,0.275141,6.222095,46.8,2.785,1.70295,14.5257,94.085,8.99,40.950001
106,Oct 1998,8.98,NA,155.01,281.73764,NA,1,1.6378,16.31,NA,NA,18,142.47,6.5,71.52,8.12,12.4,0.279013,6.089041,49,3.4216,1.6378,15.9227,89.44,8.98,28.049999
107,Nov 1998,8.95,NA,160.16,282.69427,NA,1,1.6816,16.41,NA,NA,18,141.13,6.38,63.72,7.89,12.53,0.294985,6.26549,44.8,3.4271,1.6816,16.47,73.5,8.95,26.01
108,Dec 1998,8.89,NA,160.37,280.36453,10.0308,1,1.66862,16.06,60.8609343417,NA,17.6,140.11,6.21,60.39,7.75,12.26,0.307228,6.246014,41.7,3.427,1.66862,19.9904,73.5,8.89,24.42
109,Jan 1999,8.87,16.19,162.5,278.776,NA,1,NA,16.13,NA,0.8614897,15.6,139.93,6.06,55.3,7.75,11.89,0.32191,6.317699,45.5,3.427,1.6849274,22.2876,82.245,8.87,26.25
110,Feb 1999,8.89,14.26,168.64,286.855,NA,1,NA,16.92,NA,0.89237486,14.7,140.48,5.97,58.36,7.75,12.49,0.342564,6.659946,44.1,3.4709,1.7453335224,22.9021,73.5,8.89,27.879999
111,Mar 1999,8.86,17.92,174.45,296.17957,NA,1,NA,16.25,NA,0.91891703,14.8,142.33,5.81,68.02,7.75,11.56,0.361922,6.971799,45.7,3.7728,1.7972454948,23.4788,73.5,8.86,23.26
112,Apr 1999,8.84,25.4,178,304.362,NA,1,NA,16.01,NA,0.93425578,14.9,144.717,5.64,66.86,7.75,10.48,0.380997,7.091935,43.8,3.9337,1.8272454822,24.7419,73.5,8.84,25.07
113,May 1999,8.8,25.35,180.62,305.62598,NA,1,NA,16.56,NA,0.94103032,14.9,141.42,5.54,54.55,7.75,10.34,0.395375,7.138159,43.5,3.9235,1.8404953308,24.4552,24.91,8.8,25.389999
114,Jun 1999,8.71,24.97,186.84,312.294,NA,1,NA,14.16,NA,0.96364713,15.2,137.4,5.47,47.43,7.75,10.97,0.412949,7.310965,32.2,3.9496,1.8847299663,24.2856,24.285,8.71,21.09
115,Jul 1999,8.75,24.79,188.96,313.94998,NA,1,NA,14.56,NA,0.96628249,15,135.55,5.39,46.49,8,11.07,0.426796,7.350501,38.9,4.0044,1.8898842824,24.3048,24.285,8.75,24.639999
116,Aug 1999,8.75,22.11,185.23,307.71091,NA,1,NA,14.55,NA,0.94318,15.1,132.87,5.4,50.67,8.06,12.42,0.435876,7.154423,38.5,4.4605,1.8446997394,24.6965,24.285,8.75,24.450001
117,Sep 1999,8.71,22.11,187.46032,311.23,NA,1,NA,14.02,NA,0.95241,15,135.36,5.37,54.26,8.25,14.07,0.453668,7.258631,37.8,4.4559,1.8627520503,25.4704,24.285,8.71,25.41
118,Oct 1999,8.75,22.09,183.55,307.174,NA,1,NA,13.28,NA,0.934,15,132.53,5.56,50.83,8.25,13.88,0.467932,7.123007,37,4.4673,1.82674522,25.7135,24.285,8.75,22.200001
119,Nov 1999,8.84,22.49,190.17,317.70136,NA,1,NA,13.35,NA,0.9668,15.2,134.39,5.73,54.71,8.37,14.14,0.497793,7.385568,38.3,4.6306,1.890896444,26.3028,21.285,8.84,24.18
120,Dec 1999,8.94,21.7,194.81,325.90045,11.6615,1,NA,13.54,46.0611329232,0.98914,14.6,135.31,5.81,51.95,8.5,15.2,0.527613,7.578281,31.3,5.0691,1.9345896862,26.7996,24.285,8.94,24.639999
121,Jan 2000,8.97,20.15,195.06,326.591,NA,1,NA,15.32,NA,0.98673,14.1,136.624,5.91,56.1851,8.5,15.17,0.545584,7.585283,34,5.3811,1.9298761359,28.1891,30.5,8.97,24.950001
122,Feb 2000,9.02,18.57,202.66,338.37048,NA,1,NA,11.67,NA,1.01696,13.7,139.52,6,49.4383,8.73,15.84,0.564525,7.844532,31.3,5.5431,1.9890008768,28.7276,30.5,9.02,23.370001
123,Mar 2000,9.14,19.44,208.2093,346.17045,NA,1,NA,12.94,NA,1.03701,13.5,140.81,6.07,42.4855,8.83,15.17,0.581034,8.00753,29.8,5.468,2.0282152683,28.4581,30.5,9.14,24.110001
124,Apr 2000,9.26,19.48,213.3238,353.30421,NA,1,NA,14.59,NA,1.05636,12.8,142.439,6.24,41.8818,9,15.48,0.59698,8.136334,29.2,5.4228,2.0660605788,28.5924,30.5,9.26,26.200001
125,May 2000,9.34,22.53,225.2391,371.27091,NA,1,NA,12.52,NA,1.104,12.6,147.37,6.41,39.8236,9.24,16.49,0.618258,8.509271,25.5,5.4041,2.15923632,28.3108,30.5,9.34,23.65
126,Jun 2000,9.59,16.07,216.1767,354.99333,NA,1,NA,13.48,NA,1.05365,12.5,140.75,6.56,39.6588,9.5,15.62,0.616594,8.071059,23,5.436,2.0607602795,28.2432,30.5,9.59,19.540001
127,Jul 2000,9.81,27.84,218.9462,358.2635,NA,1,NA,11.46,NA,1.06435,12.2,140.6,6.77,38.995,9.5,16.78,0.628573,8.078999,22.7,5.4386,2.0816876605,27.8496,30.5,9.81,20.74
128,Aug 2000,9.85,27.05,229.0184,372.898,NA,1,NA,9.9,NA,1.10622,12.1,143.58,6.81,35.5767,9.5,15.43,0.646623,8.359526,20.9,5.4385,2.1635782626,27.7356,30.5,9.85,16.84
129,Sep 2000,9.94,27,238.7818,388.67,NA,1,NA,10.73,NA,1.14694,11.8,148.38,6.92,39.7046,9.5,15.76,0.664548,8.639325,20.5,5.439,2.2432196602,27.7981,30.5,9.94,20.57
130,Oct 2000,10.18,26.55,243.9582,396.69045,NA,1,NA,10.92,NA,1.16983,11.3,149.01,7.13,38.9714,9.5,15.4,0.678046,8.774601,20,5.4387,2.2879886089,27.87,30.5,10.18,23.629999
131,Nov 2000,10.19,19.38,245.2146,397.34619,NA,1,NA,10.9,NA,1.16783,11.1,149.35,7.16,38.3331,9.5,15.75,0.684236,8.8353,18.1,5.4371,2.2840769489,27.8092,30.5,10.19,29.65
132,Dec 2000,10.27,21.17,235.28493,380.21421,63.1659,1,NA,10.45,6.3,1.11493,10.1,146.08,7.18,37.2872,9.5,16.32,0.677621,8.490237,18.2,5.4358,2.1806135419,27.9663,30.5,10.27,26.85
133,Jan 2001,10.3,23.62,225.9265,NA,NA,1,NA,10.81,NA,1.06594,9.4,141.74,7.19,37.432,9.05,15.03,0.672094,8.098888,18.6,5.4331,2.0847974302,28.3592,30.5,10.3,22.02
134,Feb 2001,10.15,18.91,231.64972,NA,NA,1,NA,10.89,NA,1.08512,9.1,142.84,7.11,35.641,8.5,15.91,0.760014,8.344957,19.1,5.4296,2.1223102496,28.5942,30.5,10.15,28.35
135,Mar 2001,10.03,23.22,235.6526,NA,63.5822332991,1,NA,8.98,5.6,1.09993,8.78,144.33,7.04,33.8025,8.32,14.89,0.958636,8.440485,18.8,5.4214,2.1512760919,28.6769,30.99,10.03,28.639999
136,Apr 2001,10.07,15.08,241.8551,NA,NA,1,NA,8.99,NA,1.12138,8.88,145.48,7.07,33.0045,7.8,15.21,1.204238,8.54399,17.5,5.4182,2.1932286454,28.8464,31.315,10.07,25.48
137,May 2001,10.09,23.69,247.1487,NA,NA,1,NA,9.32,NA,1.14423,8.87,146.53,7.03,31.6591,7.24,14.97,1.132664,8.401878,18.1,5.4137,2.2379193609,29.0183,NA,10.09,22.639999
138,Jun 2001,10.13,24,254.4375,NA,NA,1,NA,9.88,5.5,1.17216,8.65,148.56,6.97,32.0904,6.98,16.67,1.213123,8.54613,18,5.4012,2.2925456928,29.1144,NA,10.13,19.059999
139,Jul 2001,9.99,23.46,253.4753,NA,NA,1,NA,9.39,NA,1.16216,8.64,147.82,6.9,31.103,6.75,16.31,1.321554,8.388399,18.6,5.3711,2.2729873928,29.2173,NA,9.99,21.620001
140,Aug 2001,10.03,24,243.4508,NA,NA,1,NA,9.27,NA,1.11082,8.59,143.25,6.89,31.6919,6.67,14.94,1.399933,8.214496,18.1,5.3467,2.1725750806,29.3452,NA,10.03,24.92
141,Sep 2001,9.98,14.62,240.6709,NA,67.0123,1,NA,9.46,6,1.0978,8.35,142.671,6.71,30.5587,6.28,15.25,1.472194,8.248113,17.2,5.339,2.147110174,29.4288,NA,9.98,31.93
142,Oct 2001,9.93,15.49,242.7353,NA,NA,1,NA,8.53,NA,1.10405,8.08,141.393,6.46,30.5224,5.53,13.67,1.602467,8.250315,17.4,5.3103,2.1593341115,29.5344,NA,9.93,33.560001
143,Nov 2001,9.77,14.48,248.1792,NA,67.7111,1,NA,9.56,NA,1.12585,7.87,140.164,6.31,30.2141,5.1,14.01,1.519319,8.340104,17,5.2873,2.2019712055,29.7956,NA,9.77,23.84
144,Dec 2001,9.64,15.28,247.8044,NA,66.91366,1,NA,9.51,34.5,1.12068,7.81,137.04,6.25,29.6161,4.84,13.74,1.450821,8.280737,16.5,5.2943,2.1918595644,30.0916,NA,9.64,23.799999
145,Jan 2002,9.62,14.66,251.4046,NA,67.7104375,1,NA,15.28,33.2809326419,1.13238,7.74,140.177,6.18,29.6953,4.75,13.69,1.365884,8.4552,17.9,5.3126,2.2147427754,30.4669,13.61,9.62,21.09
146,Feb 2002,9.58,15.41,256.6023,NA,69.11228,1,NA,14.28,30.4483535673,1.14941,7.66,141.57,6.16,29.3765,4.75,14.52,1.354162,8.620424,15.9,5.321,2.2480505603,30.8007,13.02,9.58,21.59
147,Mar 2002,9.64,15.29,255.6975,NA,68.6553769231,1,NA,13.47,28.1660800026,1.14185,7.63,141.97,6.09,27.552,4.75,14.94,1.354197,8.457186,15.8,5.3223,2.2332644855,31.059,13.12,9.64,17.4
148,Apr 2002,9.69,14.83,253.975,NA,68.324948,1,NA,13.42,26.1850665927,1.12896,7.59,144.06,6.17,27.0726,4.75,13.8,1.316498,8.359843,18.3,5.3274,2.2080538368,31.1717,12.92,9.69,21.91
149,May 2002,9.69,14.57,246.137,NA,66.0874478261,1,NA,13.44,24.0894179119,1.0906,7.52,144.91,6.2,26.1045,4.75,14.79,1.39286,8.069732,17.7,5.3279,2.133028198,31.2476,12.83,9.69,19.98
150,Jun 2002,9.76,14.61,237.0903,NA,63.556752,1,NA,12.78,22.6173735162,1.04703,7.4,142.93,6.18,24.9555,4.75,13.69,1.525699,7.72245,15.2,5.3293,2.0478126849,31.4021,13.2,9.76,25.4
151,Jul 2002,9.7,14.54,228.33848,NA,61.1620703704,1,NA,11.89,22.2373190073,1.00802,7.29,138.28,6.16,24.8888,4.75,12.23,1.652279,7.405722,16,5.3288,1.9715157566,31.5144,12.62,9.7,32.029999
152,Aug 2002,9.72,15.1,232.6756,NA,62.2888185185,1,NA,12.35,22.6624668821,1.0227,7.17,138.062,6.15,23.9567,4.75,12.21,1.636376,7.549316,14.9,5.3291,2.000227341,31.5563,11.6,9.72,32.639999
153,Sep 2002,9.78,14.84,232.4664,NA,62.108468,1,NA,11.81,20.1465332089,1.01959,7.2,139.28,6.12,23.4622,4.75,12.18,1.64719,7.488554,13.4,5.3295,1.9941447097,31.6251,12.87,9.78,39.689999
154,Oct 2002,9.77,18.82,233.1563,NA,62.2674814815,1,NA,12.54,20.4105479821,1.01957,7.29,138.653,6.13,22.9494,4.75,12.1,1.651258,7.569149,13.7,5.3296,1.9941055931,31.6926,12.21,9.77,31.139999
155,Nov 2002,9.73,16.35,229.2173,NA,61.1641346154,1,NA,11.91,21.4488737072,1.0082,7.24,136.996,6.1,22.382,4.35,12,1.60394,7.455646,14.7,5.3304,1.971867806,31.8083,12.28,9.73,27.5
156,Dec 2002,9.69,14.63,226.2178,NA,60.3408,1,NA,10.91,19.7146211475,0.98231,7.23,134.9661905,5.98,21.798,4.25,11.9,1.586374,7.306968,14.9,5.3316,1.9212313673,31.8371,12.07,9.69,28.620001
157,Jan 2003,9.68,15.25,217.5326,NA,58.4373,1,NA,11.26,16.2898702413,0.94165,7.1,131.66,5.87,18.6094,4.25,11.8,1.658401,7.072432,14.5,5.3327,1.8417073195,31.8152,11.42,9.68,31.17
158,Feb 2003,9.72,14.68,214.5393,NA,58.2282,1,NA,11.43,18.033498428,0.92827,7.04,130.18,5.81,17.6468,4.25,11.6,1.626495,7.039793,14.1,5.3339,1.8155383141,31.7018,11.28,9.72,29.629999
159,Mar 2003,9.58,14.87,214.8451153846,NA,58.8796,1,NA,11.3,15.2130344919,0.92559,6.99,129.64,5.69,17.9624,4.25,11.4,1.661504,7.093784,13.3,5.3345,1.8102966897,31.4538,11.51,9.58,29.15
160,Apr 2003,9.63,15,214.4403,NA,59.2239,1,NA,11.41,18.7145294899,0.92201,7,129.166,5.57,18.2866,4.25,11.2,1.623187,6.971539,15.7,5.3341,1.8032948183,31.2122,11.14,9.63,21.209999
161,May 2003,9.6,13.74,201.6995,NA,56.5025,1,NA,11.58,16.4251203046,0.86451,6.88,121.316,5.51,17.9041,4.25,11.1,1.495117,6.538157,12.5,5.3332,1.6908345933,30.9194,11.2,9.6,19.469999
162,Jun 2003,9.48,14.3,199.786,NA,55.6967,1,NA,11.55,17.2982060976,0.85753,6.76,119,5.39,17.2094,4.22,10.8,1.421278,6.443838,11.8,5.333,1.6771828999,30.4813,10.77,9.48,19.52
163,Jul 2003,NA,13.6,205.8367,NA,57.2154,1,NA,11.15,15.8849822286,0.87944,6.61,120.31,5.26,18.2426,4,10.5,1.415221503,6.591284,11.9,5.3321,1.7200351352,30.3597,10.56,NA,19.49
164,Aug 2003,NA,13.76,210.6733,NA,58.3994,1,NA,12.08,16.4251203046,0.89804,6.59,119.925,5.24,18.2378,4,10.3,1.40038,6.736895,11.8,5.3317,1.7564135732,30.3478,10.43,NA,18.629999
165,Sep 2003,NA,14.54,210.0532,NA,58.7425,1,NA,11.71,16.3160256677,0.89153,6.57,120.618,5.24,17.2435,4,10.2,1.374556,6.703212,13.2,5.3316,1.7436811199,30.5953,10.54,NA,22.719999
166,Oct 2003,NA,15.9,201.2363923077,NA,56.7228,1,NA,12,15.7503064883,0.85532,6.58,116.337,NA,17.7507,4,10.1,1.430041,6.488812,12.5,5.331703,1.6728605156,30.1649,10.52,NA,16.1
167,Nov 2003,NA,13.8,201.7175166667,NA,57.3728,1,NA,12,16.0367923672,0.85477,6.63,115.517,NA,17.7908,4,10.1,1.474541,6.51318,12,5.33196,1.6717848091,29.8138,10.51,NA,16.32
168,Dec 2003,NA,11.81,193.004664,NA,55.604,1,NA,11.45,15.4813845734,0.81375,6.68,108.69,NA,17.8546,4,9.9,1.429901,6.2667,12.4,5.331797,1.5915566625,29.4391,10.56,NA,18.309999
169,Jan 2004,NA,15.4081331187,187.838328,NA,54.4344,1,NA,12.1061,14.8550340042,0.79289,6.64,106.219,NA,17.817,4,9.8,1.347896,6.096698,12.2,5.331229,1.5507580487,28.9234,10.53,NA,16.629999
170,Feb 2004,NA,13.4451620183,187.879058,NA,54.9061,1,NA,12.41,16.3920249782,0.79082,6.75,105.13,NA,17.9534,4,9.4,1.328054,6.052262,11.1,5.330565,1.5467094806,28.5154,10.57,NA,14.55
171,Mar 2004,NA,10.38,193.8063,NA,56.6712,1,NA,11.7436,15.9317990498,0.8156,NA,106.3586,NA,17.2379,4,9.4,1.318895,6.113879,11.7,5.3295,1.595174948,28.5334,10.53,NA,16.74
172,Apr 2004,NA,10.1886025177,198.119038,NA,58.2366,1,NA,11.7388,15.5257163295,0.83409,NA,106.84,NA,18.1192,4,9,1.356376,6.251286,12,5.329,1.6313382447,28.6759,10.58,NA,17.190001
173,May 2004,NA,11.15,198.683992,NA,58.8769,1,NA,11.6192,15.7966999928,0.83358,NA,106.2,NA,17.3641,4,8.9,1.506333,6.187494,12.8,5.327374,1.6303407714,28.9867,10.26,NA,15.5
174,Jun 2004,NA,11.94,196.942788,NA,58.9555,1,NA,11.5763,16.7855339275,0.82388,NA,102.9,NA,16.6312,4,8.5,1.49376,6.071835,11.6,5.322,1.6113692204,29.0315,10.15,NA,14.34
175,Jul 2004,NA,12.2347176077,195.488241,NA,59.1964,1,NA,11.4872,16.0670423613,0.81535,NA,101.2940909091,NA,16.9894,4.25,8.3,1.450553,6.007601,11.2,5.3181,1.5946859905,29.0817,10.28,NA,15.32
176,Aug 2004,NA,11.2670041245,196.995069,NA,60.1169,1,NA,11.4427,15.1233636415,0.82137,NA,102.58,NA,17.1413,4.42,8.2,1.474527,6.048856,11.6,5.3136,1.6064600871,29.213,10.18,NA,15.29
177,Sep 2004,NA,11.1976118953,196.477719,NA,60.6922,1,NA,11.8,15.8045926547,0.81852,NA,102.42,NA,17.0093,4.59,8.1,1.5007,6.072877,11.5,5.3097,1.6008859716,29.2218,9.99,NA,13.34
178,Oct 2004,NA,10.971494409,192.2953,NA,60.5124,1,NA,11.8385,14.9891271831,0.80083,NA,100.6,NA,17.3053,4.75,8.1,1.486398,6.046657,10.9,5.3069,1.5662873389,29.0776,10.08,NA,16.27
179,Nov 2004,NA,11.9805128398,184.735032,NA,59.4058,1,NA,11.7429,16.0840868782,0.76986,NA,98.2421052632,NA,17.7566,4.92,8.1,1.446311,5.825222,10.7,5.3063,1.5057152838,28.5844,10.31,NA,13.24
180,Dec 2004,NA,10.9750234823,179.312627,NA,58.5724,1,NA,11.4375,15.5269340837,0.74759,NA,94.5768181818,NA,17.49,5.15,8,1.396644,5.637421,10,5.3059,1.4621589497,27.9201,9.92,NA,13.29
181,Jan 2005,NA,11.82,182.45274,NA,60.7775,1,NA,11.799,16.0198013419,0.75499,NA,96.8,NA,18.12,5.25,8,1.3504,5.747653,10.8,5.304648,1.4766320917,27.935,10,NA,12.82
182,Feb 2005,NA,12.39,184.210417,NA,61.5812,1,NA,11.8805,17.125217929,0.76849,NA,97.3295,NA,16.84,5.49,8,1.309754,5.781287,10.6,5.300011,1.5030357967,27.9736,9.93,NA,12.08
183,Mar 2005,NA,14,181.524762,NA,61.1657,1,NA,11.8172,15.4813845734,0.75822,NA,95.91,NA,17.04,5.59,8,1.308021,5.650418,10.5,5.292023,1.4829494226,27.616,9.92,NA,14.02
184,Apr 2005,NA,13.5,185.285728,NA,62.8115,1,NA,11.5665,15.3413986354,0.77295,NA,97.337,NA,16.43,5.75,7.9,1.358855,5.714624,10.3,5.19201,1.5117587985,27.8205,9.98,NA,15.31
185,May 2005,NA,14.6,188.524332,NA,64.3646,1,NA,11.3758,15.6157739826,0.78792,NA,98.2971428571,NA,15.89,5.99,7.8,1.366176,5.754607,11,5.05,1.5410375736,27.9203,9.59,NA,13.29
186,Jun 2005,NA,10.62,196.680556,NA,67.751,1,NA,11.2103,15.202779716,0.82208,NA,101.65,NA,15.39,6.01,7.8,1.356458,6.003958,10.9,5.05483,1.6078487264,28.5042,9.99,NA,12.04
187,Jul 2005,NA,13.3,198.941338,NA,68.887,1,NA,11.4163,15.0790735439,0.83081,NA,101.2776190476,NA,15.16,6.25,7.8,1.333844,6.066461,10,5.053226,1.6249231223,28.6888,9.9,NA,11.57
188,Aug 2005,NA,14.49,194.919946,NA,68.2935,1,NA,11.1697,13.4826213876,0.81354,NA,99.17,NA,15.17,6.43,7.8,1.342379,5.982856,10.5,5.05,1.5911459382,28.4756,9.48,NA,12.6
189,Sep 2005,NA,12.54,195.277365,NA,68.8327,1,NA,10.66,15.3413986354,0.81605,NA,101.0318181818,NA,15.4,6.6,7.7,1.3365933,6.060507,10.5,5.05,1.5960550715,28.3645,9.31,NA,11.92
190,Oct 2005,NA,13.38,199.250632,NA,70.7377,1,NA,10.9481,14.544653824,0.83235,NA,102.2505,NA,16.11,6.75,7.6,1.354857,6.143595,10.6,5.05,1.6279351005,28.5472,9.18,NA,15.32
191,Nov 2005,NA,13.36,203.247,NA,72.9253,1,NA,10.54,15.202779716,0.84855,NA,104.0594736842,NA,16.15,7,7.6,1.35664,6.252416,11.4,5.05,1.6596195465,28.7565,9.04,NA,12.06
192,Dec 2005,NA,12.9,202.1508,NA,72.438,1,NA,9.91,16.8317346156,0.84349,NA,103.33,NA,16.39,7.16,7.6,1.34902,6.232461,11.1,5.05,1.6497230467,28.8111,9.03,NA,12.07
193,Jan 2006,NA,12.3222218091,197.93862,NA,71.7024,1,NA,11.16,16.9675612231,0.8263,NA,102.0547,NA,15.99,7.26,7.6,1.33052,6.099054,10.2,5.05,1.616102329,28.4122,8.56,NA,12.95
194,Feb 2006,NA,13.0139935667,200.44493,NA,72.9422,1,NA,10.62,19.1013764282,0.83766,NA,102.56,NA,15.87,7.5,7.6,1.3224321429,6.12846,10.7,5.05,1.6383205578,28.1968,8.44,NA,12.34
195,Mar 2006,NA,13.5250085729,199.502026,NA,72.4865,1,NA,9.83,17.37,0.83199,NA,102.06429,NA,15.79,7.54,7.6,1.33195,6.10019,10.2,5.05,1.6272310017,27.8777,8.31,NA,11.39
196,Apr 2006,NA,11.97,195.935617,NA,70.7881,1,NA,10.1,18.29,0.81502,NA,100.25722,NA,15.65,7.75,7.5,1.333155,5.9755,10.7,5.05,1.5940405666,27.5724,8.09,NA,11.59
197,May 2006,NA,12.13,187.641144,NA,68.4285,1,NA,10.17,18.2,0.78314,NA,96.31318,NA,15.27,7.92,7.4,1.4313951613,5.699769,10.9,5.05,1.5316887062,27.0578,8.3,NA,16.440001
198,Jun 2006,NA,11.28,189.190177,NA,68.4373,1,NA,9.88,19.28,0.79058,NA,97.18,NA,15.5,8.02,7.4,1.5435306452,5.722947,10.4,5.05,1.5462400814,26.9839,8.2,NA,13.08
199,Jul 2006,NA,10.45,188.893004,NA,66.064,1,NA,9.98,19.02,0.78845,NA,96.688571,NA,14.98,8.25,7.4,1.5501629032,5.714387,10.1,5.05,1.5420741635,26.915,7.93,NA,14.95
200,Aug 2006,NA,11.96,187.076231,NA,64.7175,1,NA,9.83,17.65,0.78057,NA,95.537826,NA,14.61,8.25,7.4,1.4638516129,5.679723,10.3,5.05,1.5266622231,26.7653,7.65,NA,12.31
201,Sep 2006,NA,15.644769527,188.056019,NA,65.1556,1,NA,9.45,19.57,0.78572,NA,96.7552380952,NA,14.6,8.25,7.4,1.4805116667,5.795937,10.5,5.05,1.5367347476,26.7442,7.73,NA,11.98
202,Oct 2006,NA,15.1966179063,190.038028,NA,64.0478,1,NA,9.61,19.16,0.79298,NA,97.656,NA,14.31,8.25,7.2,1.4725145161,5.861821,10,5.05,1.5509340734,26.8558,7.68,NA,11.1
203,Nov 2006,NA,15.6101026291,186.235248,NA,61.3425,1,NA,9.5,18.71,0.77642,NA,96.5015,NA,14.4,8.25,7.3,1.4544866667,5.710001,10.6,5.05,1.5185455286,26.6239,7.62,NA,10.91
204,Dec 2006,NA,12.1766003311,181.38805,NA,59.6374,1,NA,9.07,16.56,0.75686,NA,93.672,NA,15.06,8.25,7.1,1.4269306452,5.56573,10.5,5.05,1.4802894938,26.2865,7.66,NA,11.56
205,Jan 2007,NA,16.604143995,185.065,NA,61.332,1,NA,9.56,15.48,0.76935,NA,96.042,NA,14.22,8.25,5.59,1.4227032258,5.662532,10,5.05,1.5047178105,26.4749,7.5,NA,10.42
206,Feb 2007,NA,14.3822564279,183.3004,NA,60.7114,1,NA,9.59,16.22,0.7649,NA,95.80059375,NA,13.9,8.25,5.6,1.3926089286,5.639683,9.9,5.05,1.496014367,26.3351,7.49,NA,15.42
207,Mar 2007,NA,12.3699227655,NA,NA,61.0748,1,NA,8.99,13.22,0.75521,NA,95.318,NA,13.98,8.25,5.57,1.4044387097,5.55913,10,5.05,1.4770623743,26.1108,7.42,NA,14.64
208,Apr 2007,NA,15.3814662999,NA,NA,59.6103,1,NA,9.36,13.28,0.7399,NA,93.355,NA,14.05,8.25,5.64,1.3559566667,5.482475,9.8,5.05,1.447118617,25.842,7.28,NA,14.22
209,May 2007,NA,14.8720232145,NA,NA,60.3296,1,NA,9.21,12.04,0.74013,NA,92.7072727273,NA,13.44,8.25,5.71,1.334316129,5.422621,9.5,5.05,1.4475684579,25.8183,7.09,NA,13.05
210,Jun 2007,NA,13.4657075919,NA,NA,60.456,1,NA,9.28,12.6,0.74526,NA,91.7638095238,NA,14.14,8.25,5.77,1.31834,5.467952,9.5,5.05,1.4576018658,25.9256,7.06,NA,16.23
211,Jul 2007,NA,13.4824846763,NA,NA,58.7931,1,NA,9.13,11.65,0.72912,NA,89.1813636364,NA,13.92,8.25,5.88,1.2800677419,5.321551,9.2,5.05,1.4260347696,25.5564,7.13,NA,23.52
212,Aug 2007,NA,14.6008019657,NA,NA,58.818,1,NA,9.46,11.26,0.73413,NA,89.6830434783,NA,13.31,8.25,6.14,1.3147645161,5.366679,9.9,5.05,1.4358334779,25.6305,7.05,NA,23.379999
213,Sep 2007,NA,13.0827484016,NA,NA,57.2022,1,NA,9.53,11.79,0.71974,NA,89.1925,NA,13.78,8.03,6.25,1.25885,5.275187,10.4,5.05,1.4076890842,25.3430499986,7.05,NA,18
214,Oct 2007,NA,13.6854367182,NA,NA,54.5654,1,NA,9.02,11.39,0.7029,NA,86.0471428571,NA,13.69,7.74,6.22,1.1944935484,5.149405,10.6,5.05,1.374752907,24.8938974196,7.04,NA,18.530001
215,Nov 2007,NA,13.4217763119,NA,NA,53.8698,1,NA,9.52,11.38,0.68108,NA,83.0145,NA,13.95,7.5,6.18,1.1870233333,5.004536,10.8,5.05,1.3320766964,24.4736820587,6.93,NA,22.870001
216,Dec 2007,NA,13.8467050776,NA,NA,54.6797,1,NA,9.32,11.13,0.68593,NA,83.0295,NA,14.41,7.33,6.4,1.1716080645,5.022677,10.8,5.05,1.3415624719,24.5659149336,7.03,NA,22.5
217,Jan 2008,NA,15.5326097715,NA,NA,55.6248,1,NA,9.9,11.2881735372,0.67948,NA,83.389,NA,13.91,6.98,6.22,1.1716080645,4.987008,10.4,5.05,1.3289473684,24.5011,7.1,NA,26.200001
218,Feb 2008,NA,14.2852301013,NA,NA,56.2935,1,NA,9.95,12.82,0.67815,NA,83.8919047619,NA,14.64,6,6.15,1.1915017241,4.933374,11,5.05,1.3263461145,24.5347,6.85,NA,26.540001
219,Mar 2008,NA,13.4993869668,NA,NA,53.6003,1,NA,9.69,14.59,0.64418,NA,80.3194444444,NA,15.24,5.66,6.24,1.2394564516,4.689464,11.3,5.05,1.2599065694,23.7607,6.79,NA,25.610001
220,Apr 2008,NA,12.3991620599,NA,NA,51.3448,1,NA,10.11,16.36,0.6349442793,NA,77.7929,NA,16.88,5.24,6.47,1.2993333333,4.606358,11.2,5.05,1.2418430698,23.5127,6.82,NA,20.790001
221,May 2008,NA,12.4071949928,NA,NA,52.7081,1,NA,9.66,16.34,0.6428417598,NA,78.4481,NA,17.48,5,6.63,1.2453,4.663891,11,4.985613,1.257289199,23.7294,6.84,NA,17.83
222,Jun 2008,NA,13.6561451973,NA,NA,51.5628,1,NA,9.47,16.93,0.6430104958,NA,78.4567,NA,17.28,5,6.73,1.231195,4.665242,11.3,4.851927,1.257619218,23.6376,6.83,NA,23.950001
223,Jul 2008,NA,12.4906772126,NA,NA,49.697,1,NA,9.63,16.47,0.63415,NA,77.24,NA,17.05,5,6.83,1.2105725806,4.580458,11.4,4.843074,1.2402895945,23.3505,6.92,NA,22.940001
224,Aug 2008,NA,12.0424468064,NA,NA,51.0358,1,NA,10.01,16.61,0.66806,NA,81.1243,NA,17.34,5,6.9,1.1761258065,4.797094,11.8,4.844574,1.3066117898,24.1314,6.86,NA,20.65
225,Sep 2008,NA,12.3173140459,NA,NA,53.1941,1,NA,10.07,17.35,0.69609,NA,85.6538,NA,16.84,5,7.04,1.23723,4.955398,12.7,4.852997,1.3614337047,25.2837,6.93,NA,39.389999
226,Oct 2008,NA,12.9939850613,NA,NA,60.9542,1,NA,10.66,17.02,0.75162,NA,92.62,NA,19.1,4.56,7.32,1.4803016129,5.355413,14.1,5.042977,1.4700409446,26.3512,7.12,NA,59.889999
227,Nov 2008,NA,13.4358413301,NA,NA,67.9607,1,NA,10.97,19.63,0.78549,NA,96.8421,NA,22.55,4,6.98,1.5929116667,5.609362,15,6.004137,1.5362849067,27.3101,7.26,NA,55.279999
228,Dec 2008,NA,11.1757190088,NA,NA,64.7057,1,NA,10.71,18.11,0.73408,NA,90.957,NA,21.6,3.61,6.39,1.5427241935,5.377415,15.5,7.581358,1.4357356864,28.1314,7.42,NA,40
229,Jan 2009,NA,11.7406248735,NA,NA,70.3831,1,NA,11.02,18.61,0.7552982864,NA,94.617,NA,26.52,3.25,5.89,1.5946129032,5.529454,17.1,7.7,1.4772350474,31.4715,7.44,NA,44.84
230,Feb 2009,NA,11.3075225689,NA,NA,73.2631,1,NA,11.53,20.95,0.78224,NA,100.6495,NA,27.9,3.25,5.84,1.6587410714,5.802756,16.6,7.7,1.5299284592,35.7597,7.46,NA,46.349998
231,Mar 2009,NA,11.1176379699,NA,NA,72.3567,1,NA,11.61,17.38,0.766963,NA,100.495,NA,26.65,3.25,6.02,1.7073096774,5.710075,16.1,7.7,1.5000492443,34.6665,7.53,NA,44.139999
232,Apr 2009,NA,12.7501485585,NA,NA,71.2437,1,NA,11.38,17.3,0.7582384834,NA,98.8255,NA,20.42,3.25,6,1.6023716667,5.624643,16,7.7,1.482985573,33.5554,7.77,NA,36.5
233,May 2009,NA,11.8135672092,NA,NA,69.4272,1,NA,11.52,15.75,0.7337807864,NA,96.7975,NA,18.48,3.25,6,1.5543290323,5.408127,15.9,7.652981,1.4351504755,32.0576,7.86,NA,28.92
234,Jun 2009,NA,12.4659890433,NA,NA,66.8003,1,NA,11.66,15.2,0.7135031998,NA,93.5928571429,NA,18.45,3.25,5.98,1.5419833333,5.208034,15.6,7.615773,1.3954909632,31.0262,8.1,NA,26.35
235,Jul 2009,NA,11.9287859926,NA,NA,66.1601,1,NA,11.81,13.61,0.7098850437,NA,92.0826,NA,17.24,3.25,5.84,1.5166774194,5.197322,14.9,7.648132,1.3884144649,31.5152,8.12,NA,25.92
236,Aug 2009,NA,12.8570820334,NA,NA,65.405,1,NA,11.88,13.61,0.7009002434,NA,91.8852,NA,17.47,3.25,5.88,1.483,5.140614,15.2,7.806613,1.370841723,31.6275,8.2,NA,26.01
237,Sep 2009,NA,15.8902,NA,NA,64.1077,1,NA,11.82,14.37,0.6868273853,NA,92.0452380952,NA,17.77,3.25,5.91,1.4866833333,5.0309,14.7,7.999017,1.343317605,30.8114,8.28,NA,25.610001
238,Oct 2009,NA,14.9477011927,NA,NA,62.8778,1,NA,11.7,13.35,0.6749865913,NA,92.4238095238,NA,19.28,3.25,6.01,1.467816129,4.890609,14.1,8.000168,1.3201590249,29.4748,8.21,NA,30.690001
239,Nov 2009,NA,12.9106221218,NA,NA,63.2093,1,NA,11.6,12.73,0.6705224195,NA,92.3389473684,NA,20.59,3.25,NA,1.483875,4.8852,13.8,7.9944,1.3114278636,28.9831,8.12,NA,24.51
240,Dec 2009,NA,12.2013402809,NA,NA,65.7332,1,NA,11.12,11.78,0.6849748784,NA,93.9842857143,NA,19.59,3.25,NA,1.5021177419,4.979623,13.7,7.9778,1.3396944163,29.9354,8.1,NA,21.68
241,Jan 2010,NA,12.3652004538,NA,NA,68.1602,1,NA,10.97,11.52,0.7007794578,NA,96.8431578947,NA,18.3,3.25,NA,1.4724612903,5.09849,13.9,7.996958,1.3706054869,29.9437,8.06,NA,24.620001
242,Feb 2010,NA,13.6602695455,NA,NA,72.22,1,NA,10.86,12.68,0.7307652848,NA,101.3365,NA,18.59,3.25,NA,1.5150178571,5.327413,12.7,8.000261,1.429252667,30.1884,7.87,NA,19.5
243,Mar 2010,NA,16.4322837948,NA,NA,73.456,1,NA,10.2,11.26,0.735695295,NA,102.5072727273,NA,17.5356,3.25,NA,1.5310177419,5.346701,11.8,7.9671,1.4388949287,29.5644,7.71,NA,17.59
244,Apr 2010,NA,14.8146599548,NA,NA,74.0583,1,NA,10.28,10.85,0.745838772,NA,103.0236363636,NA,16.7878,3.25,NA,1.4886533333,5.405008,11.4,7.925713,1.4587338454,29.198,7.68,NA,22.049999
245,May 2010,NA,14.9944245997,NA,NA,80.5496,1,NA,10.59,10.35,0.796252597,NA,108.7328571429,NA,15.7883,3.25,NA,1.5419677419,5.752744,11.3,7.925723,1.5573347168,30.3512022253,7.63,NA,32.07
246,Jun 2010,NA,12.8025175515,NA,NA,84.6696,1,NA,10.35,10.58,0.8191932703,NA,111.885,NA,15.3704,3.25,NA,1.5738916667,5.921915,11.4,7.915733,1.6022027739,31.1673803131,7.57,NA,34.540001
247,Jul 2010,NA,11.8297,NA,NA,82.0038,1,NA,10.31,10.74,0.7825843493,NA,106.6304545455,NA,14.5949,3.25,NA,1.5369225806,5.667137,10.5,7.901555,1.5306019478,30.6847,8.19,NA,23.5
248,Aug 2010,NA,11.7003624814,NA,NA,81.5721,1,NA,10.36,11.65,0.7757576852,NA,105.5927272727,NA,13.8828,3.25,NA,1.5071258065,5.613821,10,7.890297,1.5172501534,30.3421056161,8.27,NA,26.049999
249,Sep 2010,NA,10.7627906921,NA,NA,80.8842,1,NA,10.19,16.15,0.7651757428,NA,104.8057142857,NA,14.6472,3.25,NA,1.4918416667,5.593489,9.7,7.910343,1.4965536731,30.8359723136,8.04,NA,23.700001
250,Oct 2010,NA,11.5662941165,NA,NA,76.5438,1,NA,10.23,16.67,0.719577466,NA,99.6,NA,14.8861,3.25,NA,1.422983871,5.270324,8.9,7.910494,1.4073711953,30.319766991,7.93,NA,21.200001
251,Nov 2010,NA,11.2521343375,NA,NA,78.2939,1,NA,10.28,17.68,0.7324048911,NA,101.33,NA,14.0578,3.25,NA,1.4359,5.38424,9.1,7.927793,1.4324594581,30.9672,7.87,NA,23.540001
252,Dec 2010,NA,11.6873210966,NA,NA,80.3357,1,NA,9.9,17.3,0.7565146127,NA,104.95,NA,15.9798,3.25,NA,1.5164,5.594845,9.1,7.955703,1.479613975,30.8521566006,7.84,NA,17.75
253,Jan 2011,NA,14.0379841657,NA,NA,78.6004,1,NA,10.29,18.67,0.748502994,NA,103.84,NA,14.4304,3.25,NA,1.5609,5.537878,8.6,7.949697,1.4639446108,30.0843,7.78,NA,19.530001
254,Feb 2011,NA,21.2216937104,NA,NA,75.7607,1,NA,10.21,18.7,0.7326544069,NA,102.2735,NA,13.9813,3.25,NA,1.5874,5.431365,8.7,7.940793,1.4329474687,29.2942,7.7,NA,18.35
255,Mar 2011,NA,11.1809393221,NA,NA,73.8216,1,NA,9.86,18.4,0.7143367383,NA,100.1657142857,NA,14.8681,3.25,NA,1.576,5.285354,8.7,7.943965,1.3971212229,28.4308,7.54,NA,17.74
256,Apr 2011,NA,11.6919686995,NA,NA,70.2272,1,NA,9.72,18.64,0.69242487,NA,97.89,NA,14.7169,3.25,NA,1.5179,5.105235,8.4,7.96495,1.3542653335,28.103965817,7.49,NA,14.75
257,May 2011,NA,11.1686952001,NA,NA,68.6413,1,NA,10.23,18.03,0.6969745719,NA,98.7854545455,NA,15.0426,3.25,NA,1.5708,5.1423,8,7.974597,1.363163777,27.8695647993,7.46,NA,15.45
258,Jun 2011,NA,12.6907356506,NA,NA,69.3454,1,NA,9.82,19.38,0.69502363,NA,98.6504545455,NA,15.8322,3.25,NA,1.5982,5.148899,8.6,7.97325,1.3593480663,27.9840581618,7.54,NA,16.52
259,Jul 2011,NA,11.1999938915,NA,NA,71.578,1,NA,8.93,19.1,0.701707388,NA,97.9752380952,NA,15.2089,3.25,NA,1.6506,5.193281,7.9,7.971203,1.3724203607,27.8998790161,7.39,NA,25.25
260,Aug 2011,NA,11.6336103515,NA,NA,71.3588,1,NA,9.17,17.84,0.6972304676,NA,97.48,NA,15.5927,3.25,NA,1.7543,5.192441,7.9,7.971123,1.3636642655,28.7673,7.41,NA,31.620001
261,Sep 2011,NA,11.5665987984,NA,NA,73.4088,1,NA,9.17,18.45,0.7273395745,NA,102.02,NA,16.0517,3.25,NA,1.7902,5.420572,8,7.97283,1.4225525599,30.4905,7.31,NA,42.959999
262,Oct 2011,NA,10.8905184349,NA,NA,73.4005,1,NA,9.77,18.9,0.72960747,NA,102.764,NA,18.7746,3.25,NA,1.8264,5.467645,8.6,7.974674,1.4269881781,31.3511884787,7.16,NA,29.959999
263,Nov 2011,NA,11.3926661742,NA,NA,75.7052,1,NA,9.68,17.5,0.737680732,NA,103.817,NA,18.9633,3.25,NA,1.8029433333,5.512767,8.8,7.98392,1.4427781061,30.8597,7.26,NA,27.799999
264,Dec 2011,NA,10.5097787862,NA,NA,78.1529,1,NA,9.36,17.17,0.7587802,NA,105.0780952381,NA,17.904,3.25,NA,1.8638112903,5.6887,9.3,7.989752,1.4840450786,31.4526401783,7.14,NA,23.4
265,Jan 2012,NA,11.1435100798,NA,NA,81.4112,1,NA,9.67,16.13,0.7748934522,NA,107.1033333333,NA,16.4195,3.25,NA,1.8379225806,5.846617,8.8,7.989794,1.5155598605,31.5095093616,7.634,NA,19.440001
266,Feb 2012,NA,9.9073622694,NA,NA,81.703,1,NA,9.88,17.58,0.756200847,NA,105.3247619048,NA,16.0629,3.25,NA,1.7543448276,5.733239,8.9,7.988448,1.4790003026,29.8819592332,7.0346666667,NA,18.43
267,Mar 2012,NA,12.6775296241,NA,NA,83.9011,1,NA,9.65,18.02,0.75751837,NA,105.9735,NA,16.0339,3.25,NA,1.7839983871,5.709035,9.2,7.986242,1.4815771536,29.3958,7.579,NA,15.5
268,Apr 2012,NA,11.3301039003,NA,NA,84.7767,1,NA,9.4,18.2,0.759762954,NA,106.3476190476,NA,15.5042,3.25,NA,1.7821266667,5.691287,9,7.98672,1.4859671783,26.4265550642,7.419,NA,17.15
269,May 2012,NA,11.276105981,NA,NA,88.5107,1,NA,9.48,18.06,0.781922,NA,108.9622727273,NA,15.558,3.25,NA,1.8024145161,5.870676,8.9,7.990777,1.5293065053,30.6482,7.4903333333,NA,24.059999
270,Jun 2012,NA,10.7750924326,NA,NA,92.3281,1,NA,9.32,17.33,0.7983394539,NA,110.4842857143,NA,18.1042,3.25,NA,1.8207316667,6.02671,9.3,7.9925,1.5614162542,32.9132,7.3333333333,NA,17.08
271,Jul 2012,NA,11.7805214605,NA,NA,94.6657,1,NA,9.23,18.43,0.81406708,NA,111.7686363636,NA,19.7743,3.25,NA,1.80905,6.089386,9.5,7.992871,1.5921768171,32.5,7.473,NA,18.93
272,Aug 2012,NA,10.6982765647,NA,NA,95.3006,1,NA,9.57,18.98,0.806452,NA,110.7878261,NA,20.5531,3.25,NA,1.7917387097,6.042111,9.1,7.993,1.5772830152,32.033,7.204,NA,17.469999
273,Sep 2012,NA,9.9765766202,NA,NA,90.7083,1,NA,9.58,18.33,0.7778,NA,108.104,NA,19.3162,3.25,NA,1.7983066667,5.787501,8.9,7.993,1.521244574,31.5272850062,7.286,NA,15.73
274,Oct 2012,NA,9.4393823845,NA,NA,87.855,1,NA,9.18,18.62,0.770772314,NA,107.786,NA,21.7682,3.25,NA,1.7977129032,5.783514,9.1,7.993,1.5074996149,31.0920353003,7.0566666667,NA,18.6
275,Nov 2012,NA,11.2158139639,NA,NA,87.9326,1,NA,9.55,18.54,0.7795447459,NA,109.005,NA,23.1741,3.25,NA,1.7897466667,5.876333,9.1,7.993,1.5246570003,31.4100796034,7.235,NA,15.87
276,Dec 2012,NA,10.3438832302,NA,NA,86.5866,1,NA,9.26,18.2,0.76225,NA,106.5685,NA,18.438,3.25,NA,1.7839177419,5.747093,9.4,7.993,1.4908314175,30.7403526551,7.202,NA,18.02
277,Jan 2013,NA,9.8002164955,NA,NA,84.1702,1,NA,9.08,17.38,0.75256,NA,104.9628571,NA,17.6821,3.25,NA,1.7674112903,5.701444,8.8,7.993,1.4718794248,30.257811125,6.9704020163,NA,14.38
278,Feb 2013,NA,11.1289286502,NA,NA,83.3515,1,NA,9.19,18.33,0.7485590239,NA,104.6085,NA,17.0437,3.25,NA,1.7722892857,5.664825,9.6,7.993,1.4640541957,30.160837132,6.9802320495,NA,15.51
279,Mar 2013,NA,9.6707,NA,NA,86.1783,1,NA,9.21,19.47,0.77136686,NA,107.8110526316,NA,17.4139,3.25,NA,1.8087112903,5.846774,10,7.993,1.5086624458,30.7983714991,7.0868340646,NA,12.7
280,Apr 2013,NA,8.84958296,NA,NA,85.6813,1,NA,9.18,19.21,0.7677,NA,107.8631818,NA,16.3679,3.25,NA,1.7980766667,5.845017,10.2,7.993,1.501490691,31.3290071613,7.0416337038,NA,13.52
281,May 2013,NA,11.5961388314,NA,NA,85.6255,1,NA,9.26,18.75,0.7703,NA,108.5581818,NA,16.7625,3.25,NA,1.8212290323,5.828459,9.9,7.993,1.506575849,31.2406147157,7.2694507759,NA,16.299999
282,Jun 2013,NA,9.5639926636,NA,NA,86.4037,1,NA,9.14,17.49,0.758207597,NA,106.892,NA,15.9478,3.25,NA,1.8956316667,5.687173,9.5,7.993,1.4829251644,32.2777639061,6.9212383358,NA,16.860001
283,Jul 2013,NA,11.357152441,NA,NA,87.0417,1,NA,9.16,18.49,0.7645259939,NA,107.2665217,NA,16.5939,3.25,NA,1.9327016129,5.733695,9.2,7.993,1.4952828746,32.7364128847,6.6588991182,NA,13.45
284,Aug 2013,NA,10.012703054,NA,NA,85.6022,1,NA,9.47,18.78,0.7513148009,NA,105.1966667,NA,15.717,3.25,NA,1.9585903226,5.647567,9.3,7.993,1.469444027,33.0154278112,7.0203355308,NA,17.01
285,Sep 2013,NA,8.8780498508,NA,NA,85.9052,1,NA,9.35,18.92,0.7491759065,NA,105.31,NA,15.8219,3.25,NA,2.0196,5.690963,9.5,7.993,1.4652607132,32.6284295149,7.2106650025,NA,16.6
286,Oct 2013,NA,9.943646298,NA,NA,83.7381,1,NA,9.24,18.76,0.7334,NA,103.2740909,NA,15.7899,3.25,NA,1.9880435484,5.585714,9.2,7.993,1.434405722,32.0622479332,7.0155293748,NA,13.75
287,Nov 2013,NA,9.0181351259,NA,NA,84.4711,1,NA,9.34,17.23,0.7411,NA,103.9057895,NA,16.9575,3.25,NA,2.02391,5.651523,9,7.993,1.449465613,32.6448,7.026094815,NA,13.7
288,Dec 2013,NA,8.1000057613,NA,NA,83.7374,1,NA,9.34,17.07,0.7297,NA,102.3752381,NA,17.6923,3.25,NA,2.0590241935,5.575408,9.4,7.993,1.427169151,32.894,7.2312625488,NA,13.72
289,Jan 2014,NA,9.356002019,NA,NA,84.8058,1,NA,8.53,18.29,0.7347538575,NA,103.2442857143,NA,15.707,3.25,NA,2.21605,5.597005,9.2,7.993,1.437053637,33.457,6.963777242,NA,18.41
290,Feb 2014,NA,8.767726827,NA,NA,84.8934,1,NA,8.71,17.65,0.7321180174,NA,102.748,NA,20.038,3.25,NA,2.2159803571,5.609337,9.4,8.654882,1.431898382,35.2237,6.7099769155,NA,14
291,Mar 2014,NA,9.3404315118,NA,NA,83.7803,1,NA,8.5,16.55,0.7234319612,NA,101.5485,NA,19.9947,3.25,NA,2.2177354839,5.538285,10.3,9.920029,1.4149099327,36.211,6.9258860854,NA,13.88
292,Apr 2014,NA,7.9956095139,NA,NA,83.6824,1,NA,NA,16.55,0.7239556939,NA,101.3527272727,NA,17.7425,3.25,NA,2.1300783333,5.522142,10.5,11.634154,1.4159342648,35.6618,6.7351397239,NA,13.41
293,May 2014,NA,8.6053113228,NA,NA,84.2142,1,NA,NA,16.05,0.7282260414,NA,101.8923809524,NA,18.5123,3.25,NA,2.0939596774,5.52416,10.6,11.637603,1.4242863385,34.9269,6.9474688872,NA,11.4
294,Jun 2014,NA,9.4042020216,NA,NA,84.9595,1,NA,NA,12.19,0.7357268982,NA,103.0861904762,NA,17.75,3.25,NA,2.1173083333,5.57476,10.7,11.808719,1.4389567393,34.4065,6.5835246582,NA,11.57
295,Jul 2014,NA,8.3120275888,NA,NA,85.7814,1,NA,NA,12.58,0.7386069872,NA,103.255,NA,16.6453,3.25,NA,2.1176032258,5.607284,10.7,11.754282,1.4445897038,34.6352,6.9809600182,NA,16.950001
296,Aug 2014,NA,8.611537156,NA,NA,88.0513,1,NA,NA,13.02,0.7509762691,NA,104.5752380952,NA,17.5796,3.25,NA,2.1610403226,5.724264,10.6,12.950088,1.4687819165,36.1099728864,6.946402075,NA,12.09
297,Sep 2014,NA,9.3782,NA,NA,91.8623,1,NA,NA,13.83,0.7751337106,NA,108.4113636364,NA,17.0186,3.25,NA,2.2075366667,5.889556,10.6,13.023321,1.5160297651,37.8695154769,6.4059108526,NA,16.309999
298,Oct 2014,NA,7.8598,NA,NA,94.0946,1,NA,NA,13.95,0.7890791446,NA,110.0065217391,NA,16.7921,3.25,NA,2.2610419355,6.037462,10.8,12.949826,1.5433046635,40.7589,6.1609386642,NA,14.03
299,Nov 2014,NA,8.0837098207,NA,NA,96.1138,1,NA,NA,13.49,0.801796023,NA,111.9863157895,NA,17.4574,3.25,NA,2.234215,6.141372,12,14.697702,1.5681767157,45.8648973697,6.0185122841,NA,13.33
300,Dec 2014,NA,8.1888519494,NA,NA,98.6247,1,NA,NA,14.81,0.8109642365,NA,113.6442857143,NA,17.379,3.25,NA,2.2899596774,6.212358,18.3,15.616307,1.5861081826,55.4131,6.3196062671,NA,19.200001
301,Jan 2015,NA,8.210373611,NA,NA,105.7234,1,NA,NA,14.6,0.8605111436,NA,120.726,NA,17.8625,3.25,NA,2.3316032258,6.595428,19.9,15.812726,1.68301351,61.6987575067,6.3876812147,NA,20.969999
302,Feb 2015,NA,8.1712,NA,NA,106.9989,1,NA,NA,16.75,0.8810572687,NA,123.455,NA,19.278,3.25,NA,2.4572035714,6.785967,18.1,24.479893,1.7231982379,64.6323693746,6.4150323443,NA,13.34
303,Mar 2015,NA,9.3018,NA,NA,111.1784,1,NA,NA,16.5,0.9226794612,NA,129.6631818182,NA,23.458,3.25,NA,2.5888887097,7.047619,17.9,23.256215,1.8046041705,60.2342744254,6.2565062623,NA,15.29
304,Apr 2015,NA,10.1824681073,NA,NA,111.1863,1,NA,NA,15.71,0.9277298451,NA,129.9685,NA,23.9279,3.25,NA,2.65362,7.057815,17.2,22.709473,1.8144818629,52.8694,6.0683455441,NA,14.55
305,May 2015,NA,8.8608,NA,NA,108.0282,1,NA,NA,15.11,0.8968609865,NA,126.1935,NA,23.6683,3.25,NA,2.6428,6.762653,16,20.915256,1.7541076233,50.5807,6.0014149338,NA,13.84
306,Jun 2015,NA,9.2810532696,NA,NA,107.4989,1,NA,NA,13.52,0.8918219923,NA,125.6077272727,NA,22.6267,3.25,NA,2.6999516667,6.761819,15.5,21.232832,1.7442522073,54.4998,5.6380956429,NA,18.23
307,Jul 2015,NA,7.4921190859,NA,NA,109.2394,1,NA,NA,13.18,0.9094216079,NA,126.9868181818,NA,21.91,3.25,NA,2.6916096774,6.879663,14.7,21.757373,1.7786740633,57.0673,5.7930093264,NA,12.12
308,Aug 2015,NA,8.2765888096,NA,NA,107.9514,1,NA,NA,12.82,0.8977466559,NA,125.3923809524,NA,22.0854,3.25,NA,2.8479225806,6.784488,14.2,21.6268673,1.755839842,65.1515,5.34286076,NA,28.43
309,Sep 2015,NA,8.1127454218,NA,NA,106.9217,1,NA,NA,11.74,0.8911861688,NA,124.1866666667,NA,22.0818,3.25,NA,3.0059416667,6.745421,13.97,21.7834192,1.7430086445,66.7662,5.2782686333,NA,24.5
310,Oct 2015,NA,9.8123833178,NA,NA,106.9223,1,NA,NA,11.24,0.890075656,NA,124.2085714286,NA,21.9017,3.25,NA,2.924735,6.780515,13.58,21.8413074,1.7408366703,63.0652,5.4728058261,NA,15.07
311,Nov 2015,NA,8.3799541356,NA,NA,112.2435,1,NA,NA,NA,0.9314456036,NA,128.504,NA,21.8219,3.25,NA,2.8757133333,7.063317,13.75,23.3126251,1.8217492548,65.026,5.0718372396,NA,16.129999
312,Dec 2015,NA,8.63,NA,NA,111.8447,1,NA,NA,NA,0.9193711501,NA,126.6376190476,NA,21.2531,3.37,NA,2.9201129032,7.03494,13.8,23.4083862,1.7981336766,69.6603,5.7407981577,NA,18.209999
