Date,HUF,RUB,RON,TRY,BGN,CZK,EEK,HRK,LVL,NOK,PLN,ISK,UAH,RON1MD,TRY1MD,BGN1MD,CZK1MD,HRK1MD,NOK1MD,PLN1MD,ISK1MD,UAH1MD,HUF1MD,RUB1MD,RON1MD,TRY3MD,BGN3MD,CZK3MD,HRK3MD,NOK3MD,PLN3MD,ISK3MD,UAH3MD,HUF3MD,RUB3MD,JPY,EUR,CHF,USD1MD,USD3MD,CHF1MD,CHF3MD,EUR1MD,EUR3MD,JPY1MD,JPY3MD
31/12/2013,215.97,32.89,3.243,2.145,1.4229,19.866,,5.5424,0.5078,6.0663,3.016,115.18,8.23,1.3,7.35,0.13,0.03,0.15,1.51,2.41,5.5,14,1.83,6.2,1.85,7.9,0.3,0.07,0.4,1.56,2.47,5.7,16,2.01,6.3,105.3,1.3745,0.8928,0.12,0.25,-0.18,-0.1,0.12,0.2,0.03,-0.02
30/11/2013,221.75,33.1388,3.2603,2.0176,1.4394,20.137,,5.6179,0.5172,6.1257,3.0932,119.45,8.225,1.36,6.37,0.13,0.04,0.15,1.36,2.3,5.5,4.5,1.96,6.05,2.21,6.78,0.3,0.07,0.65,1.49,2.38,5.7,6,1.99,6.3,102.41,1.3589,0.9061,0.18,0.18,-0.12,-0.07,0.12,0.14,0.03,0.05
31/10/2013,217.01,32.079,3.2627,1.9948,1.4397,18.98,,5.6087,0.5169,5.9396,3.0815,120.38,8.1855,1.7,5.95,0.1,0.05,0.2,1.27,2.38,5.5,4,2.26,5.75,2.2,5.97,0.45,0.16,0.95,1.44,2.38,5.75,7.5,2.25,6.3,98.35,1.3582,0.9066,0.13,0.17,-0.12,-0.07,0.02,0.16,0.07,0.05
30/09/2013,219.78,32.379,3.2949,2.0159,1.4456,18.966,,5.6216,0.5189,6.0103,3.1204,120.21,8.1895,2.45,7,0.15,0.05,0.6,1.43,2.22,5.45,4,2.54,6.23,2.81,7.25,0.45,0.16,1.31,1.51,2.28,5.7,6,2.64,6.35,98.21,1.3524,0.9048,0.17,0.23,-0.1,-0.2,0.07,0.11,0.01,0.02
31/08/2013,227.45,33.258,3.3494,2.0383,1.4789,19.448,,5.7143,0.5314,6.1113,3.2257,119.7,8.1235,3.39,6.8,0.1,0.05,0.7,1.32,2.28,5.7,4,3.19,6.15,3.29,7.4,0.46,0.16,1.35,1.48,2.37,5.7,7,3.24,6.35,98.15,1.322,0.9298,0.17,0.23,-0.15,-0.14,0.01,0.05,0.01,0.02
31/07/2013,224.64,32.955,3.3174,1.9333,1.4703,19.475,,5.6416,0.5281,5.8893,3.1945,118.77,8.125,3.95,6.35,0.1,0.05,0.4,1.38,2.31,5.5,2.5,3.21,6.1,4,6.45,0.62,0.16,1.5,1.54,2.4,5.7,6,3.29,6.77,97.86,1.33,0.9261,0.17,0.23,-0.09,-0.07,0.01,0.05,0.01,0.02
30/06/2013,226.64,32.8305,3.4271,1.9268,1.5031,19.97,,5.7244,0.5389,6.067,3.3221,123.82,8.153,4.11,5.35,0.31,0.04,1.6,1.26,2.38,5.55,4,3.5,6.45,4.11,5.57,0.65,0.15,2.3,1.46,2.42,5.7,5,3.47,6.62,99.12,1.3008,0.9447,0.17,0.24,-0.15,-0.13,0.01,0.05,0.01,0.02
31/05/2013,228.23,31.9175,3.377,1.8748,1.5047,19.789,,5.7835,0.539,5.8671,3.2839,122.38,8.15,3.61,4.2,0.99,0.04,0.01,1.38,2.73,5.7,2.75,3.83,6.2,3.66,4.2,1.19,0.15,1.05,1.56,2.58,5.7,6.5,3.63,6.7,100.46,1.2995,0.9549,0.17,0.24,-0.08,-0.13,0.01,0.05,0.01,0.02
30/04/2013,227.28,31.123,3.2842,1.791,1.485,19.569,,5.7547,0.531,5.7676,3.1595,116.07,8.09,3.6,5,1.11,0.04,1,1.45,3.02,5.55,4.5,4.03,6.5,3.65,5.1,1.31,0.15,0.55,1.6,2.62,5.7,5,3.6,6.6,97.41,1.3166,0.9291,0.17,0.24,-0.1,-0.08,0.01,0.05,0.07,0.1
31/03/2013,236.85,31.0725,3.4437,1.8075,1.5255,20.045,,5.9247,0.5466,5.8443,3.2545,123.52,8.134,4.61,5.1,1.07,0.04,0.15,1.52,3.2,5.6,3,4.32,5.85,4.76,5.25,1.3,0.15,0.5,1.68,3.17,5.65,4,4.25,6.75,94.19,1.2818,0.9491,0.18,0.43,-0.1,-0.1,0.01,0.05,0.03,0.07
28/02/2013,226.14,30.645,3.3351,1.7979,1.4978,19.64,,5.8107,0.5364,5.7348,3.1748,124.48,8.105,5.2,4.43,1.12,0.05,0.3,1.44,3.57,5.55,6.5,4.43,5.86,5.2,4.51,1.34,0.22,0.7,1.67,3.55,5.65,10,4.54,6.55,92.53,1.3056,0.9361,0.17,0.5,-0.12,-0.14,0.01,0.05,0.03,0.01
31/01/2013,214.99,30.025,3.2281,1.7569,1.4405,18.886,,5.5849,0.5148,5.4652,3.0879,126.58,8.142,5.4,4.63,1.11,0.05,0.3,1.53,3.82,5.6,9,4.86,5.91,5.55,4.53,1.36,0.06,0.8,1.69,3.64,5.65,11,4.67,6.16,91.72,1.3578,0.9097,0.18,0.28,-0.15,-0.13,0.02,0.04,0.01,0.01
31/12/2012,220.21,30.5525,3.3665,1.7817,1.482,18.985,,5.7214,0.5286,5.563,3.0848,127.86,8.04,5.51,5.35,1.08,0.08,0.4,1.48,4.01,5.6,16,4.7,6.31,5.51,5.75,1.31,0.16,1.2,1.63,3.91,5.7,18,4.3,6.45,86.74,1.3194,0.9155,0.15,0.25,-0.35,-0.2,-0.05,0.05,0.01,0.05
30/11/2012,216.36,30.8617,3.4659,1.7853,1.5039,19.422,,5.7706,0.535,5.6651,3.1553,125.68,8.185,5.85,5.35,1.09,0.08,0.5,1.58,4.23,5.6,22,4.35,6.7,5.8,5.75,1.34,0.18,1.5,1.68,4.2,5.6,23,4.56,6.22,82.45,1.2984,0.9277,0.15,0.25,-0.25,-0.1,0.01,0.06,0.07,0.05
31/10/2012,218.58,31.3375,3.506,1.7916,1.5088,19.352,,5.7857,0.5367,5.7003,3.1923,127.1,8.143,5.25,5.5,1.07,0.25,1,1.66,4.52,5.5,35,5.22,6.13,5.25,6,1.32,0.33,2,1.69,4.48,5.7,27,4.59,6.39,79.76,1.2958,0.9309,0.17,0.29,-0.23,-0.2,0.01,0.09,0.02,0.08
30/09/2012,221.37,31.18,3.5281,1.7944,1.5207,19.507,,5.7617,0.5409,5.72,3.2002,124.02,8.147,5.1,6,1.15,0.42,0.8,1.52,4.7,5.5,19,4.95,6.09,5.25,6,1.35,0.48,2,1.75,4.4,5.3,18,4.7,6.45,77.9,1.2858,0.9396,0.17,0.35,-0.23,-0.2,0.01,0.12,0.02,0.08
31/08/2012,225.82,32.245,3.5538,1.8166,1.5552,19.743,,5.9294,0.5529,5.7973,3.312,121.84,8.1275,5.3,6.25,1.26,0.38,2.5,1.62,4.7,5.25,21,5.6,5.55,5.4,6.75,1.56,0.45,3.5,1.87,4.75,5.25,17,5.2,6.1,78.37,1.2575,0.9549,0.21,0.41,-0.2,-0.1,0.02,0.17,0.07,0.16
31/07/2012,228.82,32.1986,3.7241,1.7931,1.5892,20.562,11.6971,6.0868,0.5655,6.0242,3.3456,120.38,8.097,4.9,7.5,0.04,0.49,1.2,1.7,4.55,5.15,18,5.54,6.05,4.9,8,1.66,0.6,2.9,1.97,4.6,5.2,16,5.37,6.25,78.11,1.2303,0.9763,0.35,0.37,-0.21,-0.18,0.02,0.18,0.07,0.16
30/06/2012,225.79,32.39,3.5117,1.8076,1.5449,20.118,11.6971,5.9355,0.5497,5.953,3.3453,124.71,8.075,4.53,8.19,1.46,0.55,0.5,1.7,4.72,5.2,18,4.93,6.44,4.54,9,1.91,0.75,2.25,2.21,4.92,5.25,14,5.22,6.6,79.77,1.2658,0.9483,0.16,0.46,-0.12,-0.07,0.3,0.45,0.07,0.16
31/05/2012,243.02,33.3863,3.626,1.8651,1.582,20.781,11.6971,6.1116,0.5644,6.117,3.5511,130.54,8.0835,5.05,9.14,1.5,0.73,0.1,1.68,4.72,5,13,5.9,7.16,4.89,8.9,1.95,0.84,1.9,2.11,4.62,5.2,11,5.7,7.27,78.35,1.2356,0.9716,0.15,0.45,-0.03,0.01,0.28,0.56,0.07,0.16
30/04/2012,216.21,29.3581,3.3351,1.7554,1.4771,18.81,11.6971,5.6561,0.5277,5.721,3.1499,125.06,8.0333,3.9,9,0.27,0.62,0.8,1.68,4.34,4.45,5,6,5.65,4,9,2.46,0.63,2.3,2.11,4.75,4.6,7,6,6.22,79.78,1.324,0.9071,0.15,0.49,-0.03,0.01,0.4,0.52,-0.01,0.05
31/03/2012,220.49,29.316,3.2864,1.7805,1.4652,18.557,11.6971,5.6287,0.5242,5.691,3.1025,126.32,8.033,3.65,9,0.36,0.64,1,1.68,4.3,4.5,8,5.7,5.6,4.35,9,2.45,0.85,2.8,2.1,4.4,4.7,11,5.8,6.28,82.79,1.3343,0.902,0.15,0.3,-0.03,0.01,0.28,0.6,0.07,0.15
29/02/2012,216.8,29.0815,3.2603,1.7471,1.4672,18.665,11.6971,5.6606,0.5237,5.5864,3.0937,125.12,8.003,3.74,7.25,1.2,0.7,3.75,1.74,4.3,4.35,10.38,5.8,5.3,4.5,7.5,2.45,0.85,5,2.43,4.4,4.35,11.5,5.9,6.33,81.22,1.3324,0.9042,0.15,0.5,-0.03,0.01,0.46,0.88,0.07,0.16
31/01/2012,224.78,30.2997,3.3214,1.7761,1.4954,19.354,11.6971,5.7929,0.5337,5.8658,3.2217,123.43,8.025,4.5,8.25,0.61,0.6,4.2,1.8,4.35,4.3,10.5,5.1,5.69,4.58,8.5,2.45,0.94,5.3,2.44,4.45,4.3,9,5.25,6.52,76.19,1.3078,0.9202,0.25,0.45,-0.03,0.03,0.61,1.02,0.07,0.15
31/12/2011,243.28,32.194,3.3315,1.884,1.5113,19.732,11.6971,5.8201,0.5403,5.9766,3.4399,122.53,7.995,5.22,8.25,1.34,0.74,2,2.22,4.55,4.3,16,5.3,5.51,5.65,8.5,1.66,1.05,4.25,2.59,4.75,4.3,12,5.4,6.5,76.94,1.2945,0.9376,0.22,0.53,0.03,0.03,0.97,1.25,0.07,0.1
30/11/2011,225.32,30.722,3.241,1.8274,1.455,18.793,11.6971,5.5808,0.5188,5.7718,3.3517,118.68,8.014,6,7.75,1.3,0.56,2.8,2.87,4.55,4.35,16,5.5,5.9,5.86,8,3,0.95,4.75,2.96,4.75,4.35,14,5.6,6.75,77.5,1.3441,0.9131,0.24,0.35,0.05,0.03,1.14,1.38,0.07,0.9
31/10/2011,219.68,30.2265,3.126,1.7697,1.4112,17.924,11.6971,5.4094,0.5072,5.5509,3.1721,114.49,8,5.92,8,0.9,0.56,4,2.34,4.51,4,28.5,5,5.75,5.92,8.5,3.01,0.74,4.8,2.81,4.71,4.1,20,5.25,6.7,78.2,1.3856,0.8772,0.15,0.32,0.12,-0.01,1.29,1.49,0.07,0.16
30/09/2011,218.82,32.179,3.2518,1.8591,1.4604,18.399,11.6971,5.5817,0.5295,5.8625,3.3007,118.05,8.003,5.52,6.75,0.95,0.59,3.9,2.3,4.44,4,11,5.3,6,5.73,7.25,2.6,0.75,4.8,3,4.56,4.1,9,5.6,6.5,77.04,1.3384,0.9079,0.2,0.37,0.02,0.51,1.26,1.46,0.38,0.68
31/08/2011,188.42,28.828,2.9363,1.7143,1.3603,16.744,11.6971,5.2031,0.493,5.36,2.8737,113.24,7.997,5.86,6.75,1.9,0.7,2.1,2.52,4.4,4,10.5,4.9,4.1,5.86,7.25,1.6,0.87,2.3,2.87,4.5,4,13.2,4.8,4.25,76.59,1.4377,0.8057,0.15,0.25,-0.12,-0.12,1.32,1.44,0.4,0.68
31/07/2011,187.53,27.633,2.9359,1.6875,1.3583,16.781,11.6971,5.1643,0.4922,5.3704,2.7752,114.78,7.995,4.3,7.4,1.01,0.69,1.1,2.37,4.38,3.75,8.5,5,3.7,5.31,7.7,1.75,0.78,2.4,2.8,4.45,3.5,8.75,5.15,3.57,76.73,1.4395,0.7852,0.07,0.24,0.13,0.03,1.3,1.53,0.03,0.16
30/06/2011,183,27.921,2.9182,1.6201,1.348,16.754,11.6971,5.0989,0.4884,5.3827,2.741,114.07,7.98,4.32,7.5,1.9,0.5,0.3,2.31,4.4,3.75,3.5,5.55,3.5,5.07,7.85,3,0.75,1,2.71,4.5,3.5,7.5,4.4,3.75,80.52,1.4504,0.8401,0.06,0.21,0.01,0.03,1.22,1.45,0.05,0.1
31/05/2011,184.9,27.9663,2.8675,1.5931,1.3583,17.042,11.6971,5.1719,0.4925,5.378,2.7415,114.51,7.978,4.22,7.55,1.71,0.7,0.4,2.46,4.16,3.75,6,5.5,3.7,5.33,7.7,2.91,0.85,1.1,2.72,4.25,3.4,5.5,4.8,3.85,81.52,1.4394,0.8538,0.07,0.18,0.01,0.03,1.17,1.28,0.05,0.1
30/04/2011,178.29,27.392,2.7512,1.5206,1.3209,16.277,11.6971,4.9564,0.4786,5.2466,2.6536,110.88,7.9675,5,6.39,0.87,0.44,0.2,2.13,3.8,3.75,4.5,5.6,3.43,5.3,6.27,3.03,0.73,1,2.61,3.95,3.4,3,4.99,3.6,81.21,1.4799,0.865,0.08,0.14,-0.04,0.03,1.13,1.28,0.05,0.16
31/03/2011,187.36,28.43,2.908,1.5445,1.3801,17.309,11.6971,5.2055,0.5004,5.533,2.838,114.18,7.96,3.75,6.45,2.01,0.5,0.25,2.02,3.71,3.75,4,4.91,2.7,5.2,6.55,3.27,0.85,1.8,2.41,3.98,3.75,3,4.61,3.5,83.15,1.4165,0.9184,0.18,0.23,0.08,0.2,0.96,1.18,0.07,0.16
28/02/2011,196.19,28.873,3.0441,1.5977,1.417,17.634,11.6971,5.3564,0.5097,5.5956,2.8655,115.93,7.9375,4.9,5.5,1.29,0.51,0.6,2.1,3.68,2,4,4.96,3.05,5.96,6.5,2.46,0.84,2.2,2.32,3.94,3.4,4.5,5.05,3.32,81.76,1.3801,0.9288,0.2,0.27,0.05,0.22,0.83,0.99,0.14,0.27
31/01/2011,199.08,29.785,3.108,1.604,1.4281,17.662,11.6971,5.4167,0.5132,5.774,2.8707,115.57,7.95,3.79,6,2.35,0.65,0.9,1.98,3.67,4,4,4.96,3,4.28,6.5,2.5,0.78,2.1,2.08,3.91,3.5,4,4.94,3.5,82.07,1.3685,0.944,0.2,0.28,0.01,0.1,0.87,1.04,0.14,0.26
31/12/2010,207.72,30.572,3.1673,1.5367,1.4624,18.668,11.6971,5.5032,0.5305,5.8218,2.955,114.56,7.965,3.76,5.75,1.26,0.67,1.7,2.18,3.42,4.1,7,4.43,3.19,5.74,6.5,2.5,0.84,2.6,2.33,3.76,3.9,7,4.68,3.62,81.15,1.3377,0.9335,0.3,0.29,0.02,0.19,0.75,0.83,0.1,0.05
30/11/2010,216.09,31.5316,3.3084,1.5041,1.5063,19.184,12.0466,5.712,0.546,6.2071,3.0973,116.87,7.964,3.71,6.75,1.28,0.7,1.2,2.09,3.4,4.8,4.5,4.49,3.78,5.86,7,2.35,0.86,2.3,2.24,3.7,4.35,6,4.68,3.93,83.67,1.2977,1.0041,0.21,0.32,0.16,0.18,0.7,0.95,0.11,0.28
31/10/2010,194.27,30.843,3.0565,1.4325,1.4023,17.619,11.2213,5.2571,0.5086,5.8411,2.8394,110.77,7.948,4.48,6.35,1.71,0.65,0.85,2.07,3.4,5.35,2.5,4.49,3,6.38,7.25,2.4,0.84,2.25,2.22,3.62,5,5,4.4,3.3,80.39,1.3947,0.982,0.23,0.45,0.07,0.13,0.66,0.91,0.03,0.08
30/09/2010,202.29,30.5814,3.1264,1.443,1.4345,17.947,11.4726,5.3334,0.5202,5.8694,2.9062,113.01,7.93,5.15,6.8,1.71,0.75,1.1,2.11,3.38,5.5,2,4.49,2.9,6.25,6.41,2.91,0.95,2,2.33,3.59,5.05,5,4.69,3.07,83.45,1.363,0.9821,0.23,0.28,0.04,0.27,0.52,0.75,0.01,0.21
31/08/2010,226.02,30.825,3.3632,1.5215,1.541,19.425,12.3332,5.7301,0.5583,6.2904,3.1572,120.47,7.887,6.08,6.75,1.7,0.67,1.1,2.15,3.41,6.1,1.75,4.16,2.8,6.04,7,3,0.85,2,2.4,3.65,5.85,4.5,4.21,3.25,84.16,1.2685,1.014,0.2,0.25,0.1,0.39,0.53,0.79,0.19,0.32
31/07/2010,217,30.26,3.2547,1.506,1.4985,18.955,11.9929,5.5417,0.5428,6.0714,3.068,119.67,7.8925,5.59,6.48,2.03,0.57,1.4,2.22,3.4,7.1,2.75,4.52,2.9,6.34,7.1,2.52,0.87,2,2.38,3.55,6.8,5.13,4.66,3.3,86.45,1.3045,1.0413,0.22,0.67,0.1,0.3,0.49,0.59,0.16,0.32
30/06/2010,232.6,31.259,3.5613,1.5817,1.5982,20.988,12.787,5.8771,0.5792,6.494,3.38,127.79,7.904,6.61,6.8,1.71,0.66,1,2.21,3.47,7.15,2.5,4.09,2.47,6.83,7.1,3.01,0.89,1.75,2.59,3.65,6.75,4.5,4.07,2.98,88.39,1.2234,1.077,0.3,0.77,0.05,0.2,0.38,0.62,0.05,0.2
31/05/2010,223.21,30.886,3.4058,1.573,1.5891,20.699,12.7132,5.8947,0.5761,6.452,3.299,128.05,7.924,6.26,6.75,1.71,0.67,1,2.02,3.43,7.75,5.75,4.4,3.25,6.31,7,3.01,0.88,1.5,2.45,3.68,7.2,9.5,4.07,3.8,91.24,1.2305,1.1548,0.25,0.45,0.01,0.05,0.3,0.46,0.05,0.13
30/04/2010,202.25,29.226,3.1008,1.4883,1.4709,19.262,11.7666,5.4575,0.5316,5.9025,2.951,127.56,7.92,5.45,6.7,1.94,0.93,0.75,1.87,3.43,8.25,5.5,4.75,3.64,5.57,7,3,1.01,1.7,2.18,3.7,7.75,10,4.5,3.81,93.81,1.3295,1.0773,0.19,0.3,0.01,0.12,0.24,0.42,0.05,0.17
31/03/2010,196.17,29.432,3.0244,1.5186,1.4473,18.802,11.5808,5.3752,0.5244,5.937,2.8504,127.29,7.92,4.42,6.12,1.71,0.98,0.75,1.71,3.44,8.25,6.5,4.83,3.69,5.22,6.34,3.01,1.08,1.5,2.07,3.95,7.75,10.5,4.74,3.79,93.46,1.351,1.0535,0.17,0.32,0.02,0.14,0.26,0.43,0.05,0.13
28/02/2010,197.83,29.93,3.0151,1.5415,1.436,18.989,11.483,5.3424,0.5197,5.9017,2.8906,128.06,7.972,6.24,6.45,1.72,0.9,0.5,1.78,3.44,8.5,9,4.9,4.25,6.44,6.53,3,1.1,0.8,2.04,3.92,8,15,5.22,4.75,88.85,1.3625,1.0734,0.16,0.19,0.04,0.2,0.24,0.55,0.05,0.2
31/01/2010,195.43,30.3678,2.9528,1.4963,1.4106,18.895,11.2834,5.2667,0.5096,5.9245,2.9188,127.64,8,7.84,6.27,1.67,0.99,1.2,1.72,3.45,8.25,14,5.59,5.2,7.79,6.59,2,1.25,2.5,1.96,3.97,8,16,5.39,5.35,90.3,1.3862,1.0604,0.18,0.19,0.02,0.15,0.37,0.37,0.2,0.11
31/12/2009,187.96,30.311,2.9566,1.495,1.3656,18.377,10.9272,5.0932,0.4948,5.7934,2.8608,124.96,8,10.05,6.8,2.44,1,1.5,1.67,3.4,8.75,14,5.72,5.96,10.15,7,2.25,1.23,3.5,1.91,3.8,8,18,5.64,5.75,92.9,1.4316,1.0355,0.17,0.23,0.06,0.15,0.34,0.58,0.06,0.1
30/11/2009,182.35,29.227,2.8399,1.5274,1.303,17.399,10.4241,4.8824,0.4714,5.675,2.7723,122.37,7.98,9.52,6.55,2.61,1.2,1.5,1.51,3.33,9,15,5.8,5.3,9.61,6.8,3.21,1.41,4,1.76,3.96,8.5,16.5,5.3,5.8,86.34,1.5007,1.0049,0.18,0.25,0.02,0.15,0.37,0.48,0.07,0.17
31/10/2009,185.95,29.1576,2.9232,1.5053,1.3281,17.995,10.6277,4.9202,0.4815,5.7283,2.8857,125.67,8.095,10.45,6.8,2.44,1.22,4.5,1.31,3.31,8.75,17,6.25,6.68,10.15,6.9,3.21,1.51,6.5,1.65,3.99,8.45,20,6,9.34,90.08,1.4715,1.026,0.21,0.27,0.01,0.16,0.35,0.52,0.07,0.25
30/09/2009,183.65,30.0236,2.8829,1.4827,1.336,17.205,10.6867,4.956,0.4842,5.7689,2.869,123.37,8.21,9.42,7.3,2.16,1.26,8,1.19,3.3,8.25,7.5,6.9,7.71,9.02,7.4,3.38,1.61,9,1.59,4,8.25,18.5,6.4,10.19,89.75,1.4635,1.0358,0.24,0.47,0.07,0.23,0.38,0.8,0.08,0.29
31/08/2009,189.73,31.798,2.9451,1.4999,1.3647,17.77,10.9138,5.138,0.4907,6.013,2.8574,125.24,8.42,9.07,7.85,3.01,1.27,8,1.11,3.28,8.25,10.25,7.75,7.25,9.02,7.95,4.01,1.58,8.5,1.62,3.94,8.25,23,7.56,8.25,93.01,1.4329,1.0588,0.24,0.59,0.04,0.2,0.36,0.82,0.09,0.25
31/07/2009,186.41,31.4615,2.9547,1.4699,1.3716,17.901,10.9738,5.155,0.491,6.1174,2.904,126.16,7.85,9,8.05,2.8,1.63,8.4,1.13,3.35,8.5,7.25,8.25,8.87,9,8.15,4.02,1.93,9.15,1.49,4,7.8,18,8.23,6.83,94.66,1.4247,1.0683,0.25,0.48,0.03,0.05,0.43,0.88,0.18,0.38
30/06/2009,193.95,31.1583,2.9936,1.5397,1.3933,18.511,11.1466,5.1677,0.5006,6.4269,3.1679,127.16,7.715,9.28,9.1,3.4,1.6,8,1.23,3.5,8.8,5.25,9.35,9.2,9.45,9.6,4.3,1.87,8.5,1.53,4.2,7.75,9,9.39,12.73,96.31,1.4033,1.0855,0.27,0.65,0.12,0.37,0.67,0.99,0.18,0.22
31/05/2009,199.67,30.7837,2.9531,1.5339,1.381,19.015,11.0498,5.1857,0.5006,6.2775,3.1775,121.36,7.6,10,9.25,3.5,1.65,8.6,1.6,3.76,8.5,7,9.28,8,10.5,9.4,4.7,2.05,9,1.94,4.37,7.5,9,9.39,9.5,95.29,1.4151,1.0663,0.26,0.56,0.05,0.4,0.79,1.25,0.18,0.45
30/04/2009,217.96,33.1167,3.1735,1.5978,1.4787,20.202,11.8283,5.5994,0.5359,6.556,3.3388,127.37,7.9,11.23,9.75,3.55,2.2,8,1.97,3.49,14,11,8.2,11,11.96,9.95,4.76,2.35,9.3,2.4,4.08,13,15,8.2,11,98.56,1.3226,1.1407,0.44,0.98,0.15,0.57,0.87,1.37,0.23,0.65
31/03/2009,232.07,33.954,3.1957,1.6615,1.4757,20.635,11.8078,5.6142,0.5352,6.7304,3.4874,123.29,8,11,10.7,4.12,2.2,11,2.45,3.5,16,14,9,10.98,12.75,11.1,4.93,2.34,10.2,2.55,3.94,15.25,20,9,10.6,98.84,1.325,1.1388,0.58,1.33,0.2,0.72,1.12,1.51,0.28,0.48
28/02/2009,235.6,35.9092,3.3902,1.6996,1.543,22.165,12.3415,5.7974,0.5591,7.0295,3.6546,113.55,8.51,13.9,11.75,4.26,2.15,16,2.4,4,18,47,9.25,16.5,13.9,12.1,5.51,2.14,10,2.66,4.3,17.5,44,9.27,19.5,97.52,1.2668,1.1706,0.43,1.2,0.63,0.43,1.42,1.49,0.61,0.78
31/01/2009,232.38,35.7466,3.3516,1.6428,1.5273,21.742,12.2181,5.7374,0.5447,6.9262,3.4718,113.92,7.68,13.75,12.8,4.35,2.13,10,2.55,4.3,18.25,8,7.07,17,13.62,13.3,5.26,2.28,9,3.07,4.64,18,18,7.37,27.05,89.97,1.278,1.1607,0.39,1.32,0.21,0.81,1.67,2.06,0.28,0.68
31/12/2008,188.3,30.525,2.8821,1.54,1.3977,19.114,11.1833,5.2768,0.5056,6.9453,2.961,121.07,7.8,12.7,15.5,5.22,3.35,7,3.49,5.35,18.25,5,9.75,16,12.6,16.3,6.4,3.35,7.5,3.48,5.6,18.2,18,9.75,18,90.6,1.3978,1.0669,0.45,1.54,0.33,0.71,2.47,2.85,0.4,0.67
30/11/2008,203.11,27.91,2.9757,1.5614,1.5399,19.922,12.3181,5.6119,0.5581,7.0176,2.9651,142.34,7.48,13.73,18.2,6.2,3.71,9.5,5.84,6.12,18.35,25,7.7,12,13.73,18.8,6.8,3.98,8.5,5.66,6.36,18.3,25,9.05,14.5,95.47,1.2695,1.2134,1.52,3.43,0.26,0.96,3.4,3.91,0.9,1.91
31/10/2008,200.49,27.0762,2.8805,1.5391,1.5359,18.864,12.2853,5.6283,0.557,6.714,2.7757,120.68,5.89,14.1,18.8,6.48,3.8,11,5.54,6.2,18.25,18.4,8.3,16,14,20.6,6.82,3.88,10,6.24,6.6,18.25,18.4,8.58,16.7,98.44,1.273,1.1576,2.3,2.75,1.5,2.73,4.45,4.71,0.75,0.85
30/09/2008,171.33,25.6324,2.6583,1.2746,1.3789,17.342,11.0929,5.036,0.5011,5.8602,2.4035,105.94,5.07,13.1,17.45,6.14,3.6,8,8.43,6.2,15.85,11.1,8.8,8.97,13.25,17.75,6.56,3.88,7.5,7.69,6.42,15.85,14,8.6,10.03,106.03,1.4102,1.1211,4.45,4.33,2.61,2.7,4.92,5.18,0.7,1.01
31/08/2008,161.02,24.644,2.4012,1.1837,1.3327,16.885,10.662,4.8743,0.479,5.4233,2.2676,83.26,4.668,12.43,16.7,5.8,3.61,5.1,5.82,6.04,15.85,12,8.18,6.84,12.36,17.2,6.13,3.72,6,6.28,6.25,15.85,13.5,8.36,7.14,108.79,1.4672,1.1011,2.4,2.8,2.16,2.61,4.38,4.85,0.5,0.88
31/07/2008,149.75,23.4305,2.2534,1.1603,1.2537,15.325,10.0292,4.6311,0.4513,5.1245,2.0585,79.21,4.65,11.7,17,5.47,3.72,4.7,5.69,6,15.85,6,7.93,4.5,11.7,17.3,6.13,3.9,5.8,6.12,6.35,15.85,7.5,7.92,4.43,107.82,1.56,1.047,2.48,2.82,2.13,2.71,4.37,4.85,0.52,0.9
30/06/2008,149.14,23.4444,2.3111,1.2232,1.2412,15.158,9.9256,4.593,0.4472,5.087,2.1231,78.98,4.5325,11.23,17.44,5.49,3.8,5,5.79,6.02,15.8,16.8,7.93,3.39,11.25,18.13,6.04,4.12,3.76,6.25,6.25,15.85,14.8,8.2,4.78,106.09,1.5755,1.0207,2.46,2.81,2.17,2.76,4.33,4.86,0.59,0.93
31/05/2008,154.4,23.6853,2.3272,1.2181,1.2573,16.076,10.0545,4.6551,0.4504,5.1028,2.1667,74.31,4.75,10.8,16.62,5.48,3.86,4.8,5.71,5.95,15.7,14.8,8.38,3.95,10,17.15,5.93,4.06,5.75,6.03,6.21,15.7,14,8.61,4.88,105.5,1.5552,1.042,2.5,2.8,2.15,2.65,4.42,4.78,0.64,0.9
30/04/2008,161.16,23.679,2.353773,1.2742,1.2523,16.146,10.0517,4.6501,0.4467,5.0832,2.2077,74.79,4.845,11.3,16.21,5.51,3.81,5,6.08,6.02,15.65,12,8.03,5,11.2,16.85,5.95,4.1,5.5,6.15,6.1,15.65,12.2,8.11,7.25,103.92,1.5616,1.0353,2.8,2.85,2.3,2.71,4.3,4.76,0.6,0.92
31/03/2008,164.94,23.486,2.360707,1.3342,1.2401,15.956,9.906,4.6102,0.4424,5.0946,2.2274,75.78,4.99,10.3,15.86,5.35,3.85,5,5.61,5.81,15,9,7.61,5.25,9.75,16.02,5.67,4.06,6,5.85,5.96,14.9,7.5,7.91,5.75,99.81,1.5772,0.9934,2.67,2.75,2.5,2.95,4.23,4.63,0.63,0.88
29/02/2008,173.73,24.018,2.4639,1.22,1.2883,16.515,10.3073,4.7873,0.459,5.211,2.3221,66.04,5.048,9.75,15.45,5.31,3.75,6,5.49,5.41,13.75,7,7.36,6,10.25,15.65,5.6,3.88,6,5.8,5.75,13.4,6,7.55,6.2,103.85,1.5179,1.041,2.95,2.84,2.52,2.64,4.11,4.29,0.75,0.91
31/01/2008,173.21,24.4449,2.5084,1.1677,1.316,17.492,10.5367,4.864,0.4688,5.4056,2.421,64.79,5.06,8.5,15.2,5.2,3.63,8,5.31,5.18,13.8,5,7.29,4.61,8,15.65,5.6,3.77,7.75,5.45,5.43,13.6,6.8,7.11,5.28,106.35,1.4865,1.0805,3.02,3.06,2.35,2.5,4.08,4.24,0.58,0.79
31/12/2007,172.83,24.5695,2.4719,1.1655,1.3403,18.168,10.7253,5.025,0.4772,5.4347,2.466,62.78,5.045,7.75,15.8,4.82,3.96,7,5.55,5.22,13.9,6,6.95,4.62,8,15.85,5.29,4.11,6.5,5.6,5.45,13.95,6.5,7.26,5.55,111.33,1.4589,1.1335,4.43,4.69,2.25,2.55,4.18,4.48,0.6,0.87
30/11/2007,172.64,24.442,2.3728,1.183,1.3367,17.913,10.6403,5.0021,0.4784,5.5435,2.4658,61.25,5.0615,7.15,16.15,5.1,3.83,7,5.65,5.25,13.9,5,7.13,6.63,7.25,16.1,5.5,3.84,6,5.7,5.39,14,7,7.18,6.39,111.18,1.4631,1.1322,5.15,4.94,2.65,2.67,4.68,4.73,0.9,0.86
31/10/2007,172.8,24.667,2.3023,1.1617,1.3507,18.595,10.8172,5.071,0.4848,5.3659,2.4995,59.68,5.052,7.35,16.5,4.83,3.31,6.5,5.12,4.75,13.3,2,7.25,6.54,7.5,16.4,5.3,3.49,6,5.37,5,13.4,3.75,7.15,7,115.29,1.448,1.1581,4.61,4.81,2.21,2.68,4.08,4.45,0.58,0.82
30/09/2007,175.56,24.8516,2.3385,1.2036,1.3708,19.266,10.9654,5.0946,0.4937,5.3865,2.6418,61.61,5.02,6.7,17.3,4.51,3.28,6.5,5.1,4.82,13.95,3.5,7.32,8.25,6.6,17.35,5,3.44,5.6,5.2,4.96,13.95,5.5,7.05,8.27,114.79,1.4271,1.1641,5.14,5.11,2.39,2.65,4.31,4.63,0.73,1
31/08/2007,186.53,25.651,2.3916,1.2986,1.4348,20.286,11.4797,5.3664,0.5119,5.8283,2.8014,63.64,5.029,6.09,17.7,4.6,3.2,4.3,4.8,4.74,14,3.5,7.55,6.22,6.3,17.8,4.7,3.38,5,5.09,4.84,14,5.25,7.57,6.72,115.76,1.3628,1.2086,5.5,5.58,2.66,2.82,4.4,4.66,0.75,0.9
31/07/2007,184.53,25.557,2.3048,1.2823,1.4302,20.515,11.4277,5.3451,0.5092,5.8295,2.7731,61.17,5.001,5.85,17.8,4.3,2.95,4.7,4.61,4.47,13.9,1.75,7.43,4.57,5.99,17.56,4.45,3.15,5,4.78,4.6,13.9,6.5,7.37,4.96,118.38,1.3672,1.2009,5.27,5.3,2.5,2.65,4.03,4.21,0.57,0.72
30/06/2007,182.04,25.7215,2.3088,1.312,1.4442,21.227,11.5592,5.3869,0.5138,5.886,2.7838,62.19,5,6.59,17.8,4.2,2.73,8,4.45,4.47,13.55,5.5,7.6,4.12,6.47,18,4.3,2.98,8,4.68,4.55,13.65,3,7.47,4.79,123.14,1.3541,1.2214,5.27,5.3,2.56,2.64,4.04,4.11,0.58,0.72
31/05/2007,185.77,25.8842,2.4249,1.315,1.4536,20.993,11.6288,5.4344,0.5171,6.0307,2.8296,61.56,5.031,6.83,17.85,3.97,2.75,4.4,4.26,4.25,13.55,3,7.68,3.44,6.83,18.1,4.05,2.8,4.5,4.51,4.37,13.6,3.75,7.59,4.58,121.71,1.3451,1.2249,5.21,5.27,2.3,2.39,3.96,4.05,0.58,0.64
30/04/2007,181.31,25.68,2.433,1.363,1.4316,20.644,11.4542,5.3921,0.5111,5.9492,2.775,64,5.009,7.4,17.85,3.83,2.45,3.7,4.11,4.26,13.85,3,7.65,4.58,7.26,18,3.95,2.61,3.5,4.33,4.3,13.9,5,7.6,5.32,119.44,1.3645,1.2073,5.21,5.26,2.12,2.27,3.79,3.95,0.6,0.64
31/03/2007,185.45,25.963,2.5039,1.39,1.4643,20.948,11.6992,5.5225,0.5311,6.0798,2.8945,65.81,5.032,6.62,17.6,3.8,2.46,4.55,4.08,4,13.45,2.1,7.8,5.42,6,17.7,3.86,2.5,4.6,4.21,4.12,13.65,5.5,7.71,5.89,117.78,1.3355,1.2155,5.2,5.23,2.16,2.22,3.82,3.87,0.61,0.62
28/02/2007,192.26,26.1173,2.5671,1.412,1.4775,21.317,11.8265,5.5489,0.5332,6.1304,2.9496,66.15,5.0465,7,17.6,3.67,2.44,3.25,3.88,4.01,15,5,7.85,4.46,6.21,17.95,3.75,2.49,3.35,4.11,4.06,15,7,8,5.62,118.44,1.3233,1.2186,5.26,5.27,2.05,2.16,3.68,3.79,0.61,0.64
31/01/2007,195.55,26.4915,2.6153,1.406,1.5037,21.561,12.0276,5.6504,0.534,6.2389,2.9943,68.28,5.052,5.81,17.7,3.61,2.47,2.9,3.71,4,14.9,3,7.76,4.11,5.24,17.95,3.72,2.49,3.2,3.89,4.05,14.85,5,8.01,5.52,120.65,1.3033,1.2436,5.27,5.26,1.98,2.11,3.56,3.73,0.31,0.38
31/12/2006,190.27,26.32,2.562,1.415,1.4815,20.82,11.8597,5.57,0.5279,6.2328,2.9008,71,5.048,7,18.25,3.57,2.43,3.5,3.52,3.95,15.6,5,7.81,3.02,7,18.9,3.7,2.45,3.7,3.76,3.96,14.9,6,7.89,4.71,119.01,1.3196,1.2184,5.26,5.26,1.96,2.03,3.55,3.66,0.37,0.48
30/11/2006,193.49,26.2485,2.5852,1.4535,1.477,21.021,11.8051,5.5514,0.5268,6.1577,2.8801,68.21,5.05,8.6,18.3,3.51,2.46,2.5,3.43,3.95,14.35,2.11,7.69,4.51,8.25,19.15,3.57,2.52,3.25,3.51,4.01,14.3,7.5,7.89,5.23,115.78,1.324,1.1988,5.24,5.27,1.79,1.9,3.54,3.6,0.36,0.45
31/10/2006,204.08,26.6985,2.7567,1.4565,1.5322,21.998,12.2525,5.7604,0.5452,6.5336,3.0284,67.63,5.035,8.75,18.75,3.28,2.45,3.25,3.34,3.96,14.1,4.75,7.8,3.6,8.75,19,3.46,2.6,3.5,3.38,4.05,14.15,7,7.94,4.96,116.94,1.2761,1.2438,5.23,5.27,1.61,1.78,3.33,3.52,0.3,0.37
30/09/2006,215.09,26.7782,2.7825,1.513,1.5432,22.298,12.3304,5.8271,0.549,6.5393,3.1335,70.11,5.042,8.75,19,3.14,2.47,3.4,3.17,3.95,13.2,6,7.5,1.28,8.75,19.25,3.29,2.53,3.45,3.3,4.04,13.35,7,7.93,3.39,118.17,1.2671,1.2504,5.26,5.31,1.63,1.74,3.24,3.39,0.32,0.37
31/08/2006,216.08,26.7664,2.757,1.4627,1.5269,22.027,12.2276,5.7114,0.5433,6.3205,3.0816,69.14,5.0225,8,18.1,3.04,2.21,3.25,3.01,3.95,12.75,6,6.95,1.7,8,18.1,3.2,2.25,3.5,3.12,4,13.1,7,7.38,3.34,117.34,1.2806,1.2309,5.28,5.33,1.46,1.61,3.06,3.23,0.27,0.33
31/07/2006,212.89,26.797,2.7737,1.4966,1.5319,22.29,12.2493,5.6737,0.545,6.1562,3.0865,72.68,5.035,8.2,18.3,3.02,2.21,3,2.82,3.96,12.35,5,6.6,1.32,8.5,18.5,3.15,2.31,3.5,2.97,4.01,12.5,7,6.88,3.8,114.67,1.2762,1.2314,5.35,5.43,1.38,1.51,2.99,3.13,0.3,0.34
30/06/2006,221,26.857,2.7958,1.582,1.5289,22.255,12.2435,5.66,0.544,6.2263,3.174,75.97,5.0001,7.9,19,2.87,1.98,3.25,2.78,3.95,11.75,6,6.15,3.9,7.85,19.9,3.01,2.1,3.5,2.91,3.99,12.3,4,6.85,4.6,114.43,1.2786,1.2224,5.3,5.44,1.32,1.45,2.87,3.03,0.15,0.32
31/05/2006,204.97,26.9834,2.7547,1.572,1.5267,22.061,12.1948,5.659,0.5428,6.0816,3.0766,71.83,5.01,7.5,12.9,2.6,1.96,2.25,2.83,4.01,11.55,7,5.79,0.15,7.5,13,2.75,2,3,2.87,4.02,11.7,7.5,5.9,4.04,112.58,1.281,1.2186,5.05,5.19,1.21,1.35,2.76,2.89,0.08,0.25
30/04/2006,208.24,27.2501,2.7475,1.3215,1.5478,22.531,12.389,5.7724,0.5506,6.1365,3.0582,74.01,5,7.55,12.25,2.8,1.96,2.5,2.62,4,10.95,7,5.85,4.5,7,12.25,2.9,2.01,2.6,2.68,3.98,11.55,7,6,5.5,113.83,1.2634,1.2386,4.98,5.08,1.21,1.27,2.63,2.82,0.02,0.05
31/03/2006,217.57,27.7051,2.9043,1.3425,1.6137,23.464,12.9019,6.0524,0.5741,6.5513,3.2345,71.61,5.06,6.5,13.2,2.58,1.96,2.75,2.68,4,10.9,5,5.85,4,6.9,13.2,2.7,2.07,2.5,2.63,4,11,8,6.16,4.95,117.66,1.2117,1.3037,4.77,4.95,1.11,1.16,2.61,2.79,0.01,0.07
28/02/2006,212.25,28.0246,2.9094,1.313,1.6404,23.753,13.1199,6.1211,0.5838,6.7453,3.1715,65.14,5.058,7.5,13.2,2.15,1.9,2.5,2.32,3.98,10.2,5,5.83,3,7,13.2,2.55,1.89,2.75,2.51,3.94,10.25,6.5,5.99,5,115.75,1.1919,1.3119,4.58,4.73,0.96,1.1,2.55,2.61,-0.02,0.02
31/01/2006,207.03,28.1175,2.968,1.3215,1.6088,23.285,12.8473,6.0266,0.5726,6.6449,3.1455,62.36,5.059,5.5,13.25,2.3,1.96,3,2.24,4.15,10.2,6,5.87,4.4,5.5,13.4,2.55,1.93,3,2.35,4.15,10.15,9,6.11,4.55,117.22,1.2154,1.2779,4.55,4.68,0.84,0.97,2.34,2.5,-0.02,-0.02
31/12/2005,213.05,28.7389,3.1116,1.35,1.6514,24.534,13.2259,6.225,0.5875,6.7435,3.2451,63.04,5.045,4.5,13.25,2.25,1.97,3.25,2.28,4.43,10.05,3.5,5.93,5,5,13.5,2.4,2.13,3.5,2.34,4.41,10,10,6.14,5,117.92,1.184,1.3135,4.39,4.52,0.83,0.96,2.35,2.43,-0.05,0.03
30/11/2005,214.69,28.8022,3.101,1.355,1.6587,24.539,13.2708,6.26,0.5904,6.7358,3.3151,63.08,5.04,5.75,13.4,2.1,1.98,3.5,2.27,4.49,9.85,8,5.93,5.5,4.9,13.4,2.5,2.13,3.75,2.35,4.53,9.9,8,6.12,5.15,119.8,1.1787,1.3149,4.23,4.35,0.86,0.96,2.33,2.41,-0.02,-0.02
31/10/2005,208.81,28.555,3.0464,1.35,1.6312,24.693,13.0453,6.1399,0.5806,6.5024,3.3074,60.84,5.018,1.5,14,2.05,1.99,3.6,2.21,4.33,9.85,4.6,5.94,3,1.5,14,2.5,2.18,3.8,2.27,4.37,10.05,7,5.9,3.95,116.38,1.1987,1.2888,4.03,4.21,0.67,0.77,2.09,2.22,-0.02,-0.02
30/09/2005,207.3,28.495,2.9583,1.344,1.6254,24.59,13.0123,6.1662,0.5784,6.5398,3.2611,61.01,5.0485,2.5,14.75,2.1,1.69,3.75,1.99,4.5,9.7,7,5.88,2.5,3.5,14.5,2.1,1.74,4,2.24,4.4,9.85,9,5.96,4.05,113.49,1.2029,1.2932,3.8,3.99,0.69,0.74,2.05,2.11,-0.02,-0.03
31/08/2005,197.61,28.4875,2.8412,1.3425,1.5855,23.78,12.6864,6.0209,0.5637,6.3703,3.2527,62.49,4.98,4.25,14.25,2.12,1.65,5.5,1.85,4.38,9.05,4,6.1,2.5,5.5,14.35,2.25,1.71,5.5,2.09,4.37,9.15,4.9,5.84,4.05,110.61,1.2343,1.2527,3.59,3.75,0.65,0.66,2.04,2.08,-0.05,-0.02
31/07/2005,201.89,28.611,2.8986,1.3234,1.6118,24.872,12.8966,6.015,0.5738,6.487,3.3514,64.72,5.007,7.35,14.35,2.15,1.69,4.3,1.89,4.45,9.05,4,6.5,4.5,7.5,14.45,2.15,1.7,4.5,1.98,4.35,9.15,6,6.39,4.5,112.51,1.213,1.2886,3.47,3.65,0.68,0.71,2.07,2.09,-0.03,-0.02
30/06/2005,203.93,28.6275,2.9766,1.328,1.6157,24.84,12.9467,6.0458,0.5747,6.5283,3.3518,64.96,5,7.2,14.35,2.15,1.65,3.7,1.9,4.81,9.05,1.1,6.77,5,6.5,14.45,2.6,1.66,3.25,1.97,4.45,9.15,1.3,6.58,4.5,110.8,1.21,1.2813,3.28,3.43,0.62,0.64,2.06,2.1,-0.09,-0.05
31/05/2005,206.18,28.2365,2.9402,1.362,1.5887,24.645,12.7059,5.9479,0.5652,6.4506,3.3845,64.77,5.075,7.35,14.75,2.25,1.66,3,1.78,5.31,8.6,3.5,7.1,3,6.75,14.5,2.63,1.66,4,1.91,5.21,9.05,5.5,7.15,3.5,108.5,1.2309,1.2474,3.07,3.27,0.63,0.63,2.05,2.07,-0.03,-0.02
30/04/2005,196,27.776,2.8133,1.389,1.5191,23.706,12.1598,5.7173,0.5407,6.3083,3.3143,63.21,5.01,7.2,15.4,2.1,1.75,2.6,1.72,5.35,8.6,0.75,7.42,2,6,15,2.35,1.71,2.95,1.83,5.29,9.05,1.5,7.31,3.25,104.66,1.2871,1.1949,3.02,3.14,0.67,0.72,2.05,2.09,-0.11,-0.02
31/03/2005,190.53,27.8691,2.8264,1.3505,1.5084,23.162,12.0592,5.7159,0.5367,6.3345,3.1485,60.57,5.2808,6.5,16,1.8,1.94,3.5,1.77,6,8.6,3,7.67,3,6,16,2.2,1.96,4.3,1.83,5.6,9,3,7.44,2.95,107.09,1.2961,1.1961,2.76,3.05,0.71,0.7,2.078,2.108,-0.11,-0.03
28/02/2005,182.12,27.67,2.739,1.2805,1.4771,22.3915,11.8055,5.6516,0.5256,6.2127,2.9375,60.6,5.282,7,18.25,2.16,2.17,4.5,1.63,6.25,8.45,6,7.96,1.5,8,17.6,2.51,2.09,4.5,1.81,6,8.85,7,7.55,2.25,104.56,1.3235,1.161,2.65,2.86,0.67,0.7,2.05,2.08,-0.05,-0.02
31/01/2005,188.16,28.015,2.8721,1.333,1.5004,23.08,11.992,5.7778,0.5339,6.3634,3.1149,61.91,5.304,14.75,18,2.24,2.17,3.9,1.6,6.4,7.95,7,8.83,3,9.5,18,2.49,2.2,4.5,1.69,6.45,8.4,7,8.67,3,103.64,1.3032,1.1888,2.51,2.66,0.6,0.65,2.06,2.11,-0.05,-0.02
31/12/2004,180.65,27.71,2.8996,1.345,1.4424,22.415,11.5499,5.629,0.5145,6.076,3.01,61.54,5.307,16.35,19,2.2,2.39,4.5,1.69,6.4,8.05,10.05,9.36,2,16.35,19,2.5,2.44,4.75,1.74,6.4,8.4,12.59,9.16,4,102.45,1.3558,1.138,2.33,2.54,0.59,0.63,2.09,2.13,-0.14,-0.05
30/11/2004,184.35,28.125,2.8894,1.429,1.4711,23.303,11.7824,5.6772,0.517,6.131,3.1482,64.85,5.315,15,21,2.5,2.41,3.8,1.733,6.6,7.3,20,9.8,0.25,14,21,2.74,2.49,4.65,1.753,6.65,7.5,18,9.64,1.5,102.9,1.3291,1.1395,2.2,2.34,0.61,0.6,2.1,2.11,-0.07,-0.05
31/10/2004,191.66,28.734,3.1959,1.4685,1.5292,24.595,12.2364,5.8406,0.5285,6.368,3.38,68.9,5.313,17.5,20,2.15,2.43,4.25,1.82,6.5,6.65,20,10.15,1.5,17.38,21,2.65,2.54,5.25,1.83,6.65,7,10,9.95,2.5,105.78,1.278,1.1945,1.93,2.08,0.61,0.69,2.04,2.1,-0.05,-0.05
30/09/2004,196.7,29.2191,3.3095,1.5005,1.5723,25.36,12.5853,6.0865,0.5371,6.7072,3.5118,70.53,5.319,17.75,22,2.05,2.45,4.5,1.76,6.55,6.5,2.8,11.02,2.75,17.13,21,2.2,2.65,5.25,1.8,6.75,6.7,7.59,10.76,5.25,110,1.2431,1.2457,1.76,1.92,0.48,0.56,2.03,2.1,-0.09,-0.08
31/08/2004,203.77,29.253,3.3605,1.4995,1.6047,26.127,12.837,6.0714,0.5407,6.86,3.652,71.95,5.3104,17.84,21,2.2,2.45,6.9,1.711,6.55,6.1,7,11.13,6.5,17.59,22,2.51,2.58,5.75,1.777,6.85,6.3,4.5,11.08,5.5,109.11,1.2185,1.2659,1.57,1.71,0.29,0.48,2.02,2.02,-0.1,-0.06
31/07/2004,206.29,29.101,3.4221,1.4655,1.6267,26.349,13.0145,6.1387,0.5438,7.0166,3.629,71.7,5.307,18.25,22,2.2,2.23,5.6,1.75,6,5.9,7,11.25,4,17.25,22,2.5,2.36,5,1.796,6.3,6.2,10,10.95,5.25,111.43,1.2017,1.2814,1.43,1.7,0.29,0.41,2.04,2.15,-0.11,-0.13
30/06/2004,205.48,29.065,3.3353,1.4825,1.6042,26.139,12.8509,6.0273,0.5398,6.9292,3.693,72.48,5.318,17,22,2.21,2.18,4.1,1.692,5.75,5.55,7,11.37,6.5,16.5,22,2.51,2.39,4.4,1.79,5.94,5.85,11,11.17,8.5,108.86,1.2185,1.2492,1.28,1.49,0.38,0.39,2.02,2.06,-0.11,-0.08
31/05/2004,205.8,28.985,3.3414,1.487,1.598,25.964,12.8301,6.0356,0.5393,6.7311,3.818,71.53,5.323,20.46,22,4.5,1.98,2.2,1.75,5.5,5.45,5,11.13,8,20.46,23,3.74,2.16,3.8,1.78,5.75,5.6,6,11,5.5,109.48,1.2184,1.2541,1,1.19,0.08,0.15,1.98,2.03,-0.11,-0.13
30/04/2004,209.25,29.0103,3.372,1.417,1.6246,27.184,13.012,6.235,0.5449,6.8614,3.994,73.65,5.328,20.85,21,2.49,1.95,3.3,1.78,5.5,5,4.5,12.01,7,20.85,21,3.06,2.01,4,1.8,5.65,5.2,12,11.43,5,110.36,1.1979,1.2971,0.99,1.07,0.15,0.2,1.97,1.99,-0.11,-0.09
31/03/2004,201.6,28.514,3.3325,1.312,1.5805,26.651,12.7164,6.0748,0.5332,6.845,3.8575,71.83,5.3301,20.66,20,3,1.94,6,1.69,5.2,5.05,2.4,11.78,1.95,20.66,20,3,1.94,5.75,1.68,5.35,5.12,3.9,11.38,3.7,104.26,1.2313,1.2653,0.99,1.02,0.1,0.14,1.94,1.9,-0.06,-0.09
29/02/2004,205.33,28.52,3.1976,1.324,1.5587,26.053,12.5374,6.0665,0.5335,7.0021,3.9175,69.31,5.3347,21.1,23,2,1.96,7.5,1.717,5.25,5.05,10,12.1,1,21.1,23,2.25,1.91,7,1.646,5.4,5.03,12,12.14,1.5,109.04,1.2488,1.2621,1,1.03,0.18,0.21,2.01,1.97,-0.08,-0.06
31/01/2004,211.2,28.5246,3.2561,1.3385,1.568,26.709,12.5565,6.1472,0.5329,7.0132,3.8515,69.32,5.3355,21.41,23,0.8,1.93,4,2.02,5.15,4.95,2.9,12.41,1,21.41,23,2.25,1.97,4.5,2,5.15,5,4.1,12.48,2,105.71,1.2466,1.2577,1,1.03,0.11,0.17,2.02,2.01,-0.07,-0.09
31/12/2003,208.77,29.235,3.272,1.4011,1.554,25.672,12.4515,6.0823,0.5336,6.6693,3.7305,70.99,5.331,20.38,24,1.25,1.91,5.5,2.182,5.25,4.65,1.05,12.32,2,20.38,24,2.25,1.93,5.5,2.162,5.35,4.86,1.09,11.74,3,107.33,1.2586,1.2401,1.02,1.06,0.17,0.18,2.05,2.04,-0.1,-0.08
30/11/2003,218.9,29.7355,3.3475,1.459,1.628,26.674,13.0448,6.3978,0.5464,6.8155,3.888,74.5,5.44,20.6,24,3.25,1.97,4.5,2.67,5.35,4.85,6.4,12.3,4,20.6,24,2.5,1.94,3.95,2.58,5.65,4.86,12,12.25,6,109.6,1.1992,1.291,1.05,1.05,0.12,0.14,2.01,2.07,0.005,-0.08
31/10/2003,224.43,29.945,3.4007,1.4829,1.6815,27.631,13.4966,6.5427,0.5566,7.1097,4.035,76.49,5.3367,20.75,24,2.3,1.97,4.6,2.54,5.3,4.85,5.1,10.46,8.8,20.75,24,2.5,1.97,5,2.68,5.45,4.86,5.9,10.3,7,109.88,1.1582,1.3402,1.03,1.09,0.1,0.17,2.04,2.11,-0.05,-0.1
30/09/2003,218.4,30.5814,3.2981,1.38575,1.6711,27.346,13.391,6.4775,0.5568,7.0392,3.9465,76.47,5.3345,16,28,2.15,1.93,7.25,2.63,5.1,4.9,5.6,9.3,7,16,29,3,1.98,6.5,2.59,5.1,4.91,5.75,9.09,0.1,111.48,1.1658,1.3172,1,1.03,0.08,0.12,2.04,2.05,0.001,0.03
31/08/2003,234.45,30.5141,3.3926,1.3996,1.7726,29.549,14.2568,6.7966,0.5758,7.5088,3.9615,79.95,5.3326,18.25,30,2.25,1.92,4.5,2.89,5.1,4.9,4.1,9.43,3.75,18.25,31,2.5,1.97,4.5,2.83,5.03,4.99,5.5,9.35,4.25,116.89,1.0977,1.3995,1.03,1.05,0.17,0.19,2.06,2.07,0.03,-0.1
31/07/2003,235,30.2547,3.3019,1.4225,1.7329,28.774,13.9236,6.711,0.5734,7.2866,3.875,77.78,5.3295,18.15,34,2,1.96,2,3.46,5.2,4.95,13,9.53,4,18.15,35,2.25,1.98,2.2,3.17,5.17,5.06,17,9.51,4,120.51,1.1228,1.3701,1.01,1.05,0.16,0.21,2.03,2.04,-0.05,0.03
30/06/2003,231.02,30.345,3.2772,1.415,1.6902,27.439,13.6227,6.5289,0.5656,7.2049,3.897,76.19,5.41,18,37,2,2.19,3.25,3.97,5.2,4.9,11,10.04,2,17.7,39,2.5,2.14,3.3,3.53,5.2,5.02,24.5,9.59,3,119.76,1.1509,1.3506,1.01,1,0.13,0.16,2.07,2.05,-0.05,-0.05
31/05/2003,211.2,30.6827,3.2323,1.425,1.6409,26.575,13.242,6.4083,0.5601,6.6725,3.724,71.89,5.52,18.2,39,3,2.38,2,4.93,5.4,4.9,4.5,6.34,3,17.8,41,3.75,2.29,2.4,4.58,5.25,5.02,12.5,6.33,3,119.27,1.1784,1.2971,1.23,1.19,0.18,0.22,2.28,2.19,-0.05,-0.06
30/04/2003,219.57,31.107,3.308,1.562,1.7395,28.089,13.9952,6.746,0.571,6.9949,3.809,74.91,5.331,17.7,41,3.6,2.44,1.9,5,5.65,4.85,10,6.25,2,17,41,3.25,2.39,2.3,4.86,5.59,5.02,12.4,6.07,3.5,118.84,1.1181,1.3544,1.2,1.2,0.15,0.17,2.49,2.45,-0.06,-0.02
31/03/2003,226.19,31.36,3.3242,1.711,1.7839,29.266,14.3504,7.0262,0.5761,7.27,4.095,76.67,5.3355,15.5,45,2,2.4,1.7,5.43,6,4.95,4,6.18,4,15,49,2.5,2.3,2,5.23,5.83,5.11,12.7,6.21,6.5,117.93,1.0921,1.3495,1.22,1.2,0.16,0.23,2.49,2.44,-0.05,-0.05
28/02/2003,225.03,31.557,3.3089,1.594,1.8086,29.449,14.458,7.0838,0.578,7.1553,3.9116,77.54,5.3355,13,42,1.8,2.43,1.7,5.5,6.2,5.2,9.75,5.7,4,14,43,2.45,2.3,1.9,5.35,6.15,5.25,12.5,5.73,7.5,118.11,1.0796,1.3528,1.24,1.26,0.5,0.48,2.53,2.51,-0.05,-0.02
31/01/2003,226.55,31.822,3.311,1.645,1.8158,29.243,14.576,7.0556,0.5792,6.9168,3.8205,77.27,5.3365,17.5,43,0.75,2.42,1.5,5.88,6.55,6,7.6,3.88,8,17,46,2.1,2.43,2,5.65,6.3,6.02,12,6.15,10,119.86,1.0767,1.3634,1.25,1.26,0.52,0.53,2.75,2.72,-0.05,-0.05
31/12/2002,224.49,31.93,3.349,1.655,1.874,30.041,14.8916,7.0457,0.5844,6.9285,3.8275,80.74,5.35,15,42,2,2.66,1.6,6.37,6.65,6,9,8.1,8,16,44,2.7,2.52,1.7,6.15,6.65,5.95,5,7.87,10,118.74,1.0496,1.3812,1.28,1.28,0.52,0.49,2.82,2.79,0.03,-0.08
30/11/2002,238.67,31.847,3.355,1.534,1.9661,31.001,15.7313,7.4688,0.602,7.3228,4.012,85.81,5.335,16,42,1.5,2.7,1.6,7.01,6.75,5.95,9,9.3,9.5,16,42,3,2.66,1.6,6.93,6.5,5.9,11.25,8.15,11.5,122.51,0.9943,1.4827,1.36,1.3,0.67,0.64,3.07,2.96,-0.07,0.01
31/10/2002,243.44,31.787,3.349,1.674,1.9645,31.041,15.76,7.5606,0.6038,7.4316,4.0273,87.04,5.3304,20,46,3.5,2.68,1.6,6.94,7,6.75,7.25,9.25,10,19,47,3.75,2.69,1.75,6.93,6.85,6.37,11,9.25,14,122.47,0.9905,1.4765,1.62,1.58,0.6,0.65,3.21,3.17,-0.02,0.03
30/09/2002,246.4,31.715,3.304,1.65,1.9728,30.707,15.8469,7.439,0.6024,7.4002,4.135,86.07,5.329,19,46,3.54,2.91,1.65,6.94,7.65,6.8,1.5,9.35,10,22,50,3.76,2.75,1.9,7,7.55,6.55,2,9.4,12,121.71,0.9865,1.4761,1.7,1.66,0.59,0.59,3.22,3.16,-0.05,0.03
31/08/2002,249.24,31.602,3.32,1.62,1.9856,30.912,15.894,7.4878,0.601,7.512,4.125,88.06,5.329,20,44,4,2.94,1.4,6.85,8.24,7.4,3,9.5,11,19,46,4.65,2.94,1.9,6.97,8.14,7.29,3.75,9.41,13,118.44,0.9818,1.4988,1.75,1.74,0.61,0.66,3.25,3.27,-0.02,0.015
31/07/2002,250.74,31.528,3.2887,1.685,1.9907,30.901,15.9838,7.5705,0.6034,7.6365,4.175,85.26,5.33,22,49,4.5,2.95,1.8,6.92,8.55,7.8,11.25,9.2,13.25,22,52,4.5,3,2,7.04,8.5,7.83,17.25,9.25,11,119.86,0.9771,1.4849,1.73,1.73,0.7,0.72,3.26,3.3,-0.03,0.03
30/06/2002,246.67,31.515,3.344,1.575,1.9704,29.655,15.8021,7.3879,0.602,7.4894,4.052,86.71,5.351,25,50,4.5,3.58,1.25,6.77,8.85,8.65,4.1,8.65,13,25,51,4.75,3.53,1.5,6.9,8.65,8.55,5.25,8.76,14.5,119.57,0.9915,1.4807,1.75,1.77,1.09,1.17,3.31,3.35,-0.03,0.03
31/05/2002,259.05,31.332,3.35,1.432,2.0894,32.537,16.8009,7.8846,0.6209,8,4.016,91.55,5.3295,25,45,2.8,3.65,2.3,6.43,9.5,8.9,7,8.6,12.5,25,47,3.7,3.73,2.45,6.82,9.45,8.91,8,8.72,14,124.09,0.9334,1.5694,1.74,1.8,1.1,1.16,3.29,3.41,-0.02,0.01
30/04/2002,269.57,31.235,3.341,1.338,2.1659,33.9,17.3666,8.19,0.627,8.4121,3.99,93.39,5.325,27,47,3.5,3.65,2.5,6.46,9.85,10.4,14,8.3,13,27,47,4.2,3.72,3,6.58,9.7,10.29,10,8.2,14,128.49,0.9,1.6169,1.75,1.81,1.41,1.46,3.24,3.3,-0.03,0.01
31/03/2002,279.07,31.207,3.285,1.345,2.2367,35.441,17.9569,8.4776,0.6363,8.8484,4.116,99.96,5.318,32,52,3,4.23,2.5,6.46,10.2,10.8,10,8.09,14.5,31,52,4,4.18,3.3,6.51,9.95,10.9,10,7.99,14,132.74,0.8715,1.6817,1.79,1.95,1.42,1.54,3.28,3.36,0.02,0.03
28/02/2002,282.32,30.957,3.2566,1.393,2.2418,36.309,18.0398,8.5312,0.6407,8.8795,4.2227,100.27,5.322,32,56,3.3,4.17,2.75,6.42,10.1,11.55,12,8.03,13,32,56,4.6,4.17,3.25,6.54,9.9,11.62,14,8,14,133.64,0.8684,1.6979,1.76,1.81,1.61,1.67,3.25,3.27,-0.03,0.02
31/01/2002,282.89,30.7,3.205,1.302,2.2703,37.089,18.2046,8.7832,0.6437,9.1151,4.168,103.41,5.352,30,56,2.95,4.21,2.5,6.35,10.65,12.84,8.5,8.5,13,30.5,56,4.55,4.23,3.5,6.28,10.2,12.39,11,8.35,15,134.56,0.8582,1.7194,1.77,1.84,1.52,1.59,3.27,3.28,-0.03,0.04
31/12/2001,274.21,30.47,3.174,1.44,2.1845,35.578,17.5696,8.2398,0.6288,8.9459,3.96,102.81,5.34,33,58,5.25,4.73,3.25,6.38,11.5,12.85,9,9.5,17.5,34,60,5.5,4.52,3.5,6.19,11.4,12.35,11.5,9.15,15,131.63,0.8904,1.6594,1.8,1.8,1.62,1.78,3.26,3.24,0.03,0.05
30/11/2001,280.47,29.93,3.1533,1.474,2.1774,36.951,17.4539,8.2968,0.6245,8.918,4.0618,106.78,5.293,31,59,4.75,4.75,4.75,6.87,12,11.8,6.75,9.88,12,31,63,4.8,4.75,6.5,6.71,11.95,11.52,8.25,9.79,12,123.37,0.8962,1.641,2.04,1.97,2,1.91,3.39,3.32,0.02,0.02
31/10/2001,283.08,29.718,3.1065,1.58,2.1623,37.326,17.3437,8.1874,0.621,8.8884,4.0885,104.55,5.371,29,61,5.4,5.19,5,6.87,13.9,12.12,9.5,10.65,10,30,64,5.5,5.08,6,6.66,13.35,11.89,11.25,10.45,13,122.37,0.8995,1.6343,2.16,2.11,2.07,2,3.58,3.43,0.02,0.02
30/09/2001,281.26,29.452,3.048,1.525,2.1353,37.247,17.2109,8.269,0.6191,8.865,4.226,101.13,5.31,30,64,4.75,5.24,5.25,6.93,14.8,11.5,25,10.65,10,31,68,4.85,5.25,6,6.78,14.2,11.39,13,10.5,12,119.53,0.9114,1.6199,2.53,2.48,2.17,2.19,3.65,3.57,0.015,0.02
31/08/2001,277.53,29.42,3.0035,1.365,2.1398,37.555,17.1639,8.2692,0.6192,8.8263,4.2367,98.43,5.3392,30,66,4.9,5.13,7,6.85,14.65,11.6,28,10.84,10,31,69,5.25,5.3,7.25,7.03,14.6,11.61,30,10.75,12,118.75,0.9122,1.661,3.48,3.37,3.19,2.97,4.25,4.19,0.03,0.02
31/07/2001,282.46,29.343,2.9621,1.31,2.2251,38.769,17.849,8.2123,0.6304,9.1143,4.2558,99.8,5.3415,32,72,5.4,5.24,2.5,6.98,15.4,12.12,22,10.9,10,30,75,5.5,5.34,3.5,7.13,15,12.13,14,10.75,14,125.03,0.8761,1.726,3.7,3.61,3.16,3.13,4.46,4.39,0.02,0.03
30/06/2001,286.07,29.14,2.916,1.25,2.2943,39.876,18.382,8.6258,0.6355,9.3165,4.005,104.01,5.3,27,67,4.55,4.92,4.8,7.13,15.85,12.3,26,10.75,10.5,28,69,4.7,4.94,5.2,7.18,15.75,12.2,17,10.46,15,124.67,0.8498,1.7935,3.79,3.74,3.13,3.07,4.45,4.37,0.01,0.01
31/05/2001,299.62,29.144,2.877,1.155,2.2994,40.31,18.4894,8.6356,0.6349,9.3841,3.98,104.72,5.416,44,66,4.6,4.94,5.38,6.98,17.3,11.89,8,10.8,9,44,67,4.6,4.96,5.5,7.13,16.65,11.92,12.5,10.75,12,119.15,0.8456,1.796,4,3.92,3.18,3.1,4.51,4.47,0.03,0.01
30/04/2001,300.74,28.934,2.823,1.133,2.1954,38.883,17.596,8.429,0.6294,9.0951,3.96,96.65,5.4155,40,,4.3,4.82,6,7.38,17.2,12.41,20,11.05,9,44,,4.75,4.81,6.5,7.34,16.8,12.3,16,11.05,11,123.49,0.888,1.7336,4.31,4.23,3.05,3.05,4.75,4.74,0.02,0.03
31/03/2001,303.77,28.773,2.7583,1,2.2125,39.386,17.7884,8.7095,0.6349,9.1728,4.087,91.97,5.4205,42,85,4.3,4.87,4.9,7.1,17.2,11.73,11.5,10.93,8,41,,4.15,4.77,5.9,7.16,17,11.71,10.5,10.84,13.5,126.2,0.8774,1.741,5.04,4.75,3.27,3.23,4.67,4.51,0.04,0.04
28/02/2001,288.33,28.662,2.7056,0.93,2.114,37.518,16.9593,8.3711,0.6187,8.9076,4.0375,86.21,5.4279,47,85,3.95,5.12,5.5,7.02,18.45,12.25,7,10.9,10,42,45,4.4,5.13,6.5,7.19,17.9,11.62,11,10.75,12,117.3,0.923,1.6694,5.2,4.93,3.36,3.35,4.76,4.72,0.35,0.29
31/01/2001,283.01,28.464,2.6565,0.674675,2.099,37.061,16.8112,8.2918,0.6176,8.7788,4.08,85.61,5.429,46,41,3.1,4.92,4,7.1,19.19,11.5,6.25,11.15,7.5,46,46,4.05,4.96,5,7.2,18.55,11.51,12,10.9,15,116.33,0.9362,1.6346,5.48,5.32,3.34,3.31,4.76,4.7,0.35,0.38
31/12/2000,280.9,28.531,2.591,0.6698,2.0781,37.602,16.6581,8.0765,0.6167,8.7683,4.128,84.51,5.4344,38,75,4.5,3.9,7,7.28,19.2,12.46,16,11.65,15,39,55,4.8,4.11,6.25,7.31,18.85,11.74,14,11.65,18,114.27,0.9422,1.61,6.45,6.22,3.22,3.2,4.77,4.77,0.45,0.43
30/11/2000,303.61,27.925,2.5368,0.68225,2.2333,39.665,17.9507,8.6929,0.6278,9.2604,4.4835,87.06,5.4361,40,106,4.65,5.21,6.5,7.2,19.55,12.07,18,11.75,8,40,90,4.8,5.34,6.25,7.18,19.4,11.68,19,11.65,16,110.34,0.8722,1.7288,6.7,6.61,3.28,3.29,4.97,5,0.49,0.44
31/10/2000,310.18,27.873,2.484,0.68198,2.2922,41.053,18.438,8.8949,0.627,9.2873,4.644,86.65,5.437,46,36,4.55,5.19,6,7.1,19.3,10.86,21,11.7,6.5,45,38,4.7,5.28,6.5,7.31,19.5,11.12,25,11.75,9,108.96,0.849,1.797,6.54,6.65,3.07,3.33,4.86,5.04,0.28,0.46
30/09/2000,298.8,27.772,2.4165,0.66413,2.2029,40.166,17.7108,8.5164,0.6147,9.055,4.525,82.62,5.47,46,39,3.8,5.14,5.5,7.02,18.8,10.57,30,10.8,6,45,39,4.4,5.25,8.5,7.2,19.1,10.93,25.6,10.7,9,108.05,0.8837,1.7242,6.55,6.71,3.22,3.46,4.77,4.93,0.32,0.5
31/08/2000,293.92,27.765,2.3,0.65475,2.1897,39.827,17.628,8.4806,0.6102,9.0716,4.369,80.99,5.443,38,34,4.3,5.24,,6.76,19.15,11.09,20.8,10.68,7,36,31,4.5,5.29,,7,19.3,11.52,24.8,10.5,8,106.63,0.8886,1.7407,6.5,6.56,3.12,3.34,4.65,4.79,0.35,0.37
31/07/2000,281.03,27.85,2.189,0.63486,2.0991,38.199,16.8779,8.1904,0.6043,8.852,4.3355,78.35,5.41,33,25,3.5,5.13,,6.44,17.8,11.64,26.4,10.8,5,34,25,4.1,5.24,,6.78,18.2,11.67,24,10.65,6.5,109.39,0.9259,1.6703,6.5,6.6,3.03,3.29,4.36,4.45,0.07,0.17
30/06/2000,272.99,28.05,2.136,0.62,2.0358,37.348,16.3616,7.9627,0.5973,8.5981,4.35,76.38,5.5,35,34,3.4,5.19,,6.27,17.7,11.35,25,10.8,8.5,36,34,4.3,5.21,,6.67,18,11.28,15.5,10.75,11,105.98,0.9523,1.6339,6.53,6.73,3.16,3.32,4.39,4.49,0.09,0.17
31/05/2000,276.32,28.2425,2.0697,0.6153,2.076,38.619,16.7279,8.1851,0.6024,8.8599,4.39,75.23,5.53,37,38,3.5,4.99,,5.97,17.7,10.52,12,10.8,11,41,36,3.7,5.09,,6.25,17.9,10.8,14,10.75,12.5,107.61,0.9377,1.6805,6.56,6.75,2.7,3.1,4.18,4.38,0.03,0.04
30/04/2000,283.01,28.42,2.0085,0.6109,2.1325,39.967,17.2025,8.4598,0.6013,8.921,4.465,75.59,5.5,35,32,3.4,5.15,,6.1,17.9,10.53,15.2,10.8,20,42,30,3.7,5.17,,6.3,18.1,10.53,18.4,10.5,18,108.16,0.912,1.7168,6.16,6.38,2.94,3.12,3.88,4.05,0.08,0.13
31/03/2000,270.07,28.65,1.948,0.58881,2.0349,37.802,16.3332,8.0692,0.5907,8.4613,4.127,73.5,5.52,20,34,3.4,5.18,,5.58,17.7,10.48,16,11,13,16,35,3.6,5.23,,5.95,18.1,10.52,20.8,10.65,17,102.75,0.956,1.6645,6.11,6.26,2.55,2.8,3.66,3.8,0.08,0.06
29/02/2000,266.06,28.68,1.8885,0.57393,2.0196,36.864,16.1697,7.9948,0.598,8.3795,4.16,73.48,5.61,59,41,2.8,5.25,,5.53,17.7,10.58,20,11.4,17,60,36,3,5.11,,5.67,18,10.44,24,10.7,24,110.19,0.9646,1.6641,5.86,6.05,2.06,2.4,3.4,3.58,0.03,0.03
31/01/2000,263.27,28.61,1.846,0.55931,2.0127,36.702,16.1319,7.9476,0.5973,8.329,4.206,73.91,5.52,70,34,2,5.15,,5.5,16.7,10.15,48,11.9,20,80,34,3.25,5.25,,5.62,16.4,10.11,45,11.7,20,107.36,0.9693,1.6562,5.84,5.99,2,2.06,3.27,3.45,0.05,0.04
